pregunta;etiqueta;valor;
p168;1;Muy insatisfecho;
p168;2;Algo insatisfecho;
p168;3;Ni satisfecho ni insatisfecho;
p168;4;Algo satisfecho;
p168;5;Muy satisfecho;
p168;90;No recibe;
p174;1;Muy insatisfecho;
p174;2;Algo insatisfecho;
p174;3;Ni satisfecho ni insatisfecho;
p174;4;Algo satisfecho;
p174;5;Muy satisfecho;
p174;90;No recibe;
p180;1;Muy insatisfecho;
p180;2;Algo insatisfecho;
p180;3;Ni satisfecho ni insatisfecho;
p180;4;Algo satisfecho;
p180;5;Muy satisfecho;
p180;90;No recibe;
p227;1;Muy insatisfecho;
p227;2;Algo insatisfecho;
p227;3;Ni satisfecho ni insatisfecho;
p227;4;Algo satisfecho;
p227;5;Muy satisfecho;
p241;1;Muy insatisfecho;
p241;2;Algo insatisfecho;
p241;3;Ni satisfecho ni insatisfecho;
p241;4;Algo satisfecho;
p241;5;Muy satisfecho;
p245;1;Muy insatisfecho;
p245;2;Algo insatisfecho;
p245;3;Ni satisfecho ni insatisfecho;
p245;4;Algo satisfecho;
p245;5;Muy satisfecho;
p590;1;Transmilenio;
p590;2;Bus/ Ejecutivo;
p590;3;Buseta;
p590;4;Colectivo;
p590;5;Taxi;
p590;6;Bicicleta;
p590;7;Moto propia;
p590;8;A pie;
p590;9;Vehículo particular;
p590;10;Bus de la empresa/ entidad educativa;
p590;89;Otros;
p623;1;Muy insatisfecho;
p623;2;Algo insatisfecho;
p623;3;Ni satisfecho ni insatisfecho;
p623;4;Algo satisfecho;
p623;5;Muy satisfecho;
p113;1;Muy insatisfecho;
p113;2;Algo insatisfecho;
p113;3;Ni satisfecho ni insatisfecho;
p113;4;Algo satisfecho;
p113;5;Muy satisfecho;
p208;1;Muy insatisfecho;
p208;2;Algo insatisfecho;
p208;3;Ni satisfecho ni insatisfecho;
p208;4;Algo satisfecho;
p208;5;Muy satisfecho;
p208;90;No recibe;
p242;1;No hay parques;
p242;2;No hay zonas verdes;
p242;3;Hay pocos parques;
p242;4;Los que hay están en mal estado;
p242;5;"Los parques permanecen con: viciosos, delincuentes, gamines";
p242;6;Los parques son inseguros;
p242;7;Falta de aseo, sucios;
p242;8;Faltan juegos para los niños;
p242;9;Están descuidados/ falta mantenimiento;
p242;89;Otra.;
p268;1;1 Nada seguro;
p268;2;2;
p268;3;3;
p268;4;4;
p268;5;5 Muy seguro;
p1339;1; 1 muy mala gestión;
p1339;2;1;
p1339;3;2;
p1339;4;3;
p1339;5;5 muy buena gestión;
p27;1;Buen camino;
p27;2;Mal camino;
p28;1;1 NADA ORGULLOSO;
p28;2;2;
p28;3;3;
p28;4;4;
p28;5;5 MUY ORGULLOSO;
p45;1;Ha mejorado mucho;
p45;2;Ha mejorado algo;
p45;3;Sigue igual;
p45;4;Ha empeorado algo;
p45;5;Ha empeorado mucho;
p46;1;El cierre de los negocios y empresas;
p46;2;El costo de los servicios públicos;
p46;3;El costo de la alimentación;
p46;4;El costo del vestuario;
p46;5;El costo de la vivienda;
p46;6;El costo de la educación;
p46;7;El costo de la salud;
p46;8;El costo del transporte;
p46;9;El costo de acceso a cultura/ recreación/ deporte;
p46;10;Uno o más miembros de la familia han perdido su empleo;
p46;11;Uno o más miembros de la familia no recibieron aumento de sueldo/ no fue suficiente el aumento;
p46;12;La familia creció, ahora los ingresos no alcanzan;
p46;13;Falleció uno de los principales sostenes económicos de la familia;
p46;14;Algún negocio quebró/ no va como se esperaba;
p46;15;Separación/ divorcio de los padres;
p46;16;Dejaron de recibir remesas de familiares en el exterior;
p46;89;Otro. ¿Cuál? ;
p202;1;Muy insatisfecho;
p202;2;Algo insatisfecho;
p202;3;Ni satisfecho ni insatisfecho;
p202;4;Algo satisfecho;
p202;5;Muy satisfecho;
p202;90;No recibe;
p236;1;Muy insatisfecho;
p236;2;Algo insatisfecho;
p236;3;Ni satisfecho ni insatisfecho;
p236;4;Algo satisfecho;
p236;5;Muy satisfecho;
p281;1;Existencia de pandillas;
p281;2;Se presentan muchos atracos callejeros;
p281;3;Se roban muchos carros o partes de estos;
p281;4;Se asaltan casas y apartamentos;
p281;5;Se atracan las tiendas de barrio;
p281;6;Se presentan casos de homicidios;
p281;7;Hay tráfico de drogas;
p281;8;Se presentan casos de violaciones;
p281;9;Vandalismo contra edificaciones;
p281;10;Milicias: guerrilla urbana/ paramilitares;
p281;89;Otro.;
p465;1;1 Nada;
p465;2;2;
p465;3;3;
p465;4;4;
p465;5;5 Mucho;
p467;1;1 Nada;
p467;2;2;
p467;3;3;
p467;4;4;
p467;5;5 Mucho;
p470;1;1 Nada;
p470;2;2;
p470;3;3;
p470;4;4;
p470;5;5 Mucho;
p473;1;1 Nada;
p473;2;2;
p473;3;3;
p473;4;4;
p473;5;5 Mucho;
p474;1;1 Nada;
p474;2;2;
p474;3;3;
p474;4;4;
p474;5;5 Mucho;
p475;1;1 Nada;
p475;2;2;
p475;3;3;
p475;4;4;
p475;5;5 Mucho;
p476;1;1 Nada;
p476;2;2;
p476;3;3;
p476;4;4;
p476;5;5 Mucho;
p477;1;1 Nada;
p477;2;2;
p477;3;3;
p477;4;4;
p477;5;5 Mucho;
p480;1;1 Nada;
p480;2;2;
p480;3;3;
p480;4;4;
p480;5;5 Mucho;
p609;1;Muy insatisfecho;
p609;2;Algo insatisfecho;
p609;3;Ni satisfecho ni insatisfecho;
p609;4;Algo satisfecho;
p609;5;Muy satisfecho;
p611;1;Muy insatisfecho;
p611;2;Algo insatisfecho;
p611;3;Ni satisfecho ni insatisfecho;
p611;4;Algo satisfecho;
p611;5;Muy satisfecho;
p613;1;Muy insatisfecho;
p613;2;Algo insatisfecho;
p613;3;Ni satisfecho ni insatisfecho;
p613;4;Algo satisfecho;
p613;5;Muy satisfecho;
p614;1;Muy insatisfecho;
p614;2;Algo insatisfecho;
p614;3;Ni satisfecho ni insatisfecho;
p614;4;Algo satisfecho;
p614;5;Muy satisfecho;
p615;1;Muy insatisfecho;
p615;2;Algo insatisfecho;
p615;3;Ni satisfecho ni insatisfecho;
p615;4;Algo satisfecho;
p615;5;Muy satisfecho;
p616;1;Muy insatisfecho;
p616;2;Algo insatisfecho;
p616;3;Ni satisfecho ni insatisfecho;
p616;4;Algo satisfecho;
p616;5;Muy satisfecho;
p617;1;Muy insatisfecho;
p617;2;Algo insatisfecho;
p617;3;Ni satisfecho ni insatisfecho;
p617;4;Algo satisfecho;
p617;5;Muy satisfecho;
p115;1;Falta más compromiso de los docentes;
p115;2;Ha disminuido el nivel académico/ el nivel académico es bajo;
p115;3;Hay mucha delincuencia en los colegios: pandillas, drogas, licor;
p115;4;Intensidad horaria muy corta;
p115;5;La educación es de mala calidad/ mediocre;
p115;6;Las instituciones no exigen mucho a sus estudiantes;
p115;7;Les falta exigir más a los docentes;
p115;8;Les falta más experiencia a los docentes;
p115;9;Los docentes enseñan poco;
p115;10;Los estudiantes salen mal preparados;
p115;11;Los niños no aprenden nada;
p115;12;No enseñan otros idiomas;
p115;13;No hay buen pensum académico;
p115;14;No les están inculcando valores/ principios;
p115;15;No se cumple con todo el aprendizaje/ está atrasado el aprendizaje;
p115;16;Por la constante suspensión de clases/ paros;
p115;89;Otro.;
p282;1;Mayor número de policías;
p282;2;Mayor iluminación de las calles;
p282;3;Mayor nivel de solidaridad de la gente;
p282;4;Más efectividad de la denuncia;
p282;5;Más frentes de seguridad ciudadana;
p282;6;Contar con seguridad privada;
p282;7;Armarse;
p282;8;Desarmarse;
p282;9;Mayor capacidad de reacción de las autoridades;
p282;10;Ley seca en el barrio;
p282;11;Un CAI en el barrio;
p282;12;Toque de queda para los menores;
p282;89;Otra.;
p472;1;1 Nada;
p472;2;2;
p472;3;3;
p472;4;4;
p472;5;5 Mucho;
p612;1;Muy insatisfecho;
p612;2;Algo insatisfecho;
p612;3;Ni satisfecho ni insatisfecho;
p612;4;Algo satisfecho;
p612;5;Muy satisfecho;
p618;1;Muy insatisfecho;
p618;2;Algo insatisfecho;
p618;3;Ni satisfecho ni insatisfecho;
p618;4;Algo satisfecho;
p618;5;Muy satisfecho;
p1371;1;Defender a los ciudadanos de las decisiones adoptadas por el alcalde o por las entidades Distritales.;
p1371;2;Gestionar el trámite de solicitudes de las comunidades y/o de los ciudadanos ante las entidades del distrito.;
p1371;3;Expedir normas aplicables al distrito y controlar la gestión del Alcalde y directores de entidades del distrito.;
p1371;4;Aprobar el presupuesto Distrital y seleccionar los sectores, comunidades o temas a los que se les destinará el presupuesto.;
p1371;5;Asegurar la defensa del interés común y expedir normas en beneficio de todos los ciudadanos.;
p1371;6;Servir como intermediario y representante entre la ciudadanía y el alcalde mayor.;
p47;1;Si;
p47;2;No;
p584;1;Trabaja fuera de casa;
p584;2;Estudia;
p584;3;Trabaja y estudia;
p584;4;Trabaja en casa;
p584;5;Está desempleada(o);
p584;6;Es responsable de la casa;
p584;7;Esta jubilado(a)/ pensionado(a);
p585;1;Lo mismo;
p585;2;Más tiempo;
p585;3;Menos tiempo;
p619;1;Muy insatisfecho;
p619;2;Algo insatisfecho;
p619;3;Ni satisfecho ni insatisfecho;
p619;4;Algo satisfecho;
p619;5;Muy satisfecho;
p1164;1;Seguridad ciudadana y convivencia;
p1164;2;Educación pública;
p1164;3;Salud pública;
p1164;4;Vivienda de interés social;
p1164;5;Desarrollo económico de la ciudad y generación de empleo;
p1164;6;Servicios públicos domiciliarios;
p1164;7;Movilidad vial;
p1164;8;Fortalecimiento de las finanzas de la ciudad;
p1164;9;Medio ambiente;
p1164;10;Espacio público;
p1164;11;Responsabilidad ciudadana;
p1164;12;Programas y políticas para niños;
p1164;13;Programas y políticas para jóvenes;
p1164;14;Programas y políticas para mujeres;
p1164;15;Gestión pública;
p1164;16;Programas y políticas para reducir la pobreza;
p1164;17;Cambio climático;
p1164;18;Descentralización;
p1164;19;Lucha contra la corrupción;
p1164;20;Acceso a educación sexual para jóvenes en los colegios;
p1164;21;Programas para evitar embarazos en adolescentes;
p1164;22;Cultura de paz y rechazo de la violencia entre los habitantes de la ciudad;
p1164;23;Asistencia a las víctimas de la violencia;
p1164;24;Inclusión de personas con discapacidad en la red escolar;
p1164;25;Accesibilidad de personas con discapacidad en espacios y transporte público;
p1164;26;Igualdad de acceso a oportunidades de empleo entre hombres y mujeres;
p1164;90;Ninguno;
p48;1;No tiene empleo;
p48;2;Por la falta de dinero/ El dinero no alcanza para cubrir las necesidades;
p48;3;Faltan muchas cosas para vivir mejor;
p48;4;No tengo vivienda propia;
p48;5;Tengo justo lo necesario para vivir;
p48;6;No tiene todas las comodidades/ No se puede dar lujos;
p48;7;Por la situación económica;
p48;8;Se pasan muchas necesidades;
p48;9;No tiene un buen salario;
p48;89;Otro.;
p62;1;Si;
p62;2;No;
p126;1;Hogar comunitario, guardería, preescolar o jardín público;
p126;3;Guardería, preescolar o jardín privado;
p126;4;En casa solo o con menores;
p126;5;En casa con un adulto;
p126;6;Al cuidado de vecinos, amigos o familiares;
p126;89;Otro. ¿Cuál?;
p126;90;(ENC: NO LEA) No hay niños menores de 5 años en el hogar;
p264;1;Si;
p264;2;No;
p478;1;1 Nada;
p478;2;2;
p478;3;3;
p478;4;4;
p478;5;5 Mucho;
p482;1;1 Nada;
p482;2;2;
p482;3;3;
p482;4;4;
p482;5;5 Mucho;
p977;1;Favorable;
p977;2;Desfavorable;
p977;3;No la conoce;
p978;1;Muy mala gestión;
p978;2;2;
p978;3;3;
p978;4;4;
p978;5;Muy buena gestión;
p979;1;Muy insatisfecho con la atención al ciudadano;
p979;2;Algo insatisfecho con la atención al ciudadano;
p979;3;Ni satisfecho ni insatisfecho con la atención al ciudadano;
p979;4;Algo satisfecho con la atención al ciudadano;
p979;5;Muy satisfecho(a) con la atención al ciudadano;
p980;1;Favorable;
p980;2;Desfavorable;
p980;3;No la conoce;
p981;1;Muy mala gestión;
p981;2;2;
p981;3;3;
p981;4;4;
p981;5;Muy buena gestión;
p982;1;Muy insatisfecho con la atención al ciudadano;
p982;2;Algo insatisfecho con la atención al ciudadano;
p982;3;Ni satisfecho ni insatisfecho con la atención al ciudadano;
p982;4;Algo satisfecho con la atención al ciudadano;
p982;5;Muy satisfecho(a) con la atención al ciudadano;
p983;1;Favorable;
p983;2;Desfavorable;
p983;3;No la conoce;
p984;1;Muy mala gestión;
p984;2;2;
p984;3;3;
p984;4;4;
p984;5;Muy buena gestión;
p985;1;Muy insatisfecho con la atención al ciudadano;
p985;2;Algo insatisfecho con la atención al ciudadano;
p985;3;Ni satisfecho ni insatisfecho con la atención al ciudadano;
p985;4;Algo satisfecho con la atención al ciudadano;
p985;5;Muy satisfecho(a) con la atención al ciudadano;
p986;1;Favorable;
p986;2;Desfavorable;
p986;3;No la conoce;
p987;1;Muy mala gestión;
p987;2;2;
p987;3;3;
p987;4;4;
p987;5;Muy buena gestión;
p988;1;Muy insatisfecho con la atención al ciudadano;
p988;2;Algo insatisfecho con la atención al ciudadano;
p988;3;Ni satisfecho ni insatisfecho con la atención al ciudadano;
p988;4;Algo satisfecho con la atención al ciudadano;
p988;5;Muy satisfecho(a) con la atención al ciudadano;
p989;1;Favorable;
p989;2;Desfavorable;
p989;3;No la conoce;
p990;1;Muy mala gestión;
p990;2;2;
p990;3;3;
p990;4;4;
p990;5;Muy buena gestión;
p991;1;Muy insatisfecho con la atención al ciudadano;
p991;2;Algo insatisfecho con la atención al ciudadano;
p991;3;Ni satisfecho ni insatisfecho con la atención al ciudadano;
p991;4;Algo satisfecho con la atención al ciudadano;
p991;5;Muy satisfecho(a) con la atención al ciudadano;
p992;1;Favorable;
p992;2;Desfavorable;
p992;3;No la conoce;
p993;1;Muy mala gestión;
p993;2;2;
p993;3;3;
p993;4;4;
p993;5;Muy buena gestión;
p994;1;Muy insatisfecho con la atención al ciudadano;
p994;2;Algo insatisfecho con la atención al ciudadano;
p994;3;Ni satisfecho ni insatisfecho con la atención al ciudadano;
p994;4;Algo satisfecho con la atención al ciudadano;
p994;5;Muy satisfecho(a) con la atención al ciudadano;
p995;1;Favorable;
p995;2;Desfavorable;
p995;3;No la conoce;
p996;1;Muy mala gestión;
p996;2;2;
p996;3;3;
p996;4;4;
p996;5;Muy buena gestión;
p997;1;Muy insatisfecho con la atención al ciudadano;
p997;2;Algo insatisfecho con la atención al ciudadano;
p997;3;Ni satisfecho ni insatisfecho con la atención al ciudadano;
p997;4;Algo satisfecho con la atención al ciudadano;
p997;5;Muy satisfecho(a) con la atención al ciudadano;
p998;1;Favorable;
p998;2;Desfavorable;
p998;3;No la conoce;
p999;1;Muy mala gestión;
p999;2;2;
p999;3;3;
p999;4;4;
p999;5;Muy buena gestión;
p1000;1;Muy insatisfecho con la atención al ciudadano;
p1000;2;Algo insatisfecho con la atención al ciudadano;
p1000;3;Ni satisfecho ni insatisfecho con la atención al ciudadano;
p1000;4;Algo satisfecho con la atención al ciudadano;
p1000;5;Muy satisfecho(a) con la atención al ciudadano;
p1001;1;Favorable;
p1001;2;Desfavorable;
p1001;3;No la conoce;
p1002;1;Muy mala gestión;
p1002;2;2;
p1002;3;3;
p1002;4;4;
p1002;5;Muy buena gestión;
p1003;1;Muy insatisfecho con la atención al ciudadano;
p1003;2;Algo insatisfecho con la atención al ciudadano;
p1003;3;Ni satisfecho ni insatisfecho con la atención al ciudadano;
p1003;4;Algo satisfecho con la atención al ciudadano;
p1003;5;Muy satisfecho(a) con la atención al ciudadano;
p1004;1;Favorable;
p1004;2;Desfavorable;
p1004;3;No la conoce;
p1005;1;Muy mala gestión;
p1005;2;2;
p1005;3;3;
p1005;4;4;
p1005;5;Muy buena gestión;
p1006;1;Muy insatisfecho con la atención al ciudadano;
p1006;2;Algo insatisfecho con la atención al ciudadano;
p1006;3;Ni satisfecho ni insatisfecho con la atención al ciudadano;
p1006;4;Algo satisfecho con la atención al ciudadano;
p1006;5;Muy satisfecho(a) con la atención al ciudadano;
p1007;1;Favorable;
p1007;2;Desfavorable;
p1007;3;No la conoce;
p1008;1;Muy mala gestión;
p1008;2;2;
p1008;3;3;
p1008;4;4;
p1008;5;Muy buena gestión;
p1009;1;Muy insatisfecho con la atención al ciudadano;
p1009;2;Algo insatisfecho con la atención al ciudadano;
p1009;3;Ni satisfecho ni insatisfecho con la atención al ciudadano;
p1009;4;Algo satisfecho con la atención al ciudadano;
p1009;5;Muy satisfecho(a) con la atención al ciudadano;
p1010;1;Favorable;
p1010;2;Desfavorable;
p1010;3;No la conoce;
p1011;1;Muy mala gestión;
p1011;2;2;
p1011;3;3;
p1011;4;4;
p1011;5;Muy buena gestión;
p1012;1;Muy insatisfecho con la atención al ciudadano;
p1012;2;Algo insatisfecho con la atención al ciudadano;
p1012;3;Ni satisfecho ni insatisfecho con la atención al ciudadano;
p1012;4;Algo satisfecho con la atención al ciudadano;
p1012;5;Muy satisfecho(a) con la atención al ciudadano;
p1013;1;Favorable;
p1013;2;Desfavorable;
p1013;3;No la conoce;
p1014;1;Muy mala gestión;
p1014;2;2;
p1014;3;3;
p1014;4;4;
p1014;5;Muy buena gestión;
p1015;1;Muy insatisfecho con la atención al ciudadano;
p1015;2;Algo insatisfecho con la atención al ciudadano;
p1015;3;Ni satisfecho ni insatisfecho con la atención al ciudadano;
p1015;4;Algo satisfecho con la atención al ciudadano;
p1015;5;Muy satisfecho(a) con la atención al ciudadano;
p1016;1;Favorable;
p1016;2;Desfavorable;
p1016;3;No la conoce;
p1017;1;Muy mala gestión;
p1017;2;2;
p1017;3;3;
p1017;4;4;
p1017;5;Muy buena gestión;
p1018;1;Muy insatisfecho con la atención al ciudadano;
p1018;2;Algo insatisfecho con la atención al ciudadano;
p1018;3;Ni satisfecho ni insatisfecho con la atención al ciudadano;
p1018;4;Algo satisfecho con la atención al ciudadano;
p1018;5;Muy satisfecho(a) con la atención al ciudadano;
p1019;1;Favorable;
p1019;2;Desfavorable;
p1019;3;No la conoce;
p1020;1;Muy mala gestión;
p1020;2;2;
p1020;3;3;
p1020;4;4;
p1020;5;Muy buena gestión;
p1021;1;Muy insatisfecho con la atención al ciudadano;
p1021;2;Algo insatisfecho con la atención al ciudadano;
p1021;3;Ni satisfecho ni insatisfecho con la atención al ciudadano;
p1021;4;Algo satisfecho con la atención al ciudadano;
p1021;5;Muy satisfecho(a) con la atención al ciudadano;
p1022;1;Favorable;
p1022;2;Desfavorable;
p1022;3;No la conoce;
p1023;1;Muy mala gestión;
p1023;2;2;
p1023;3;3;
p1023;4;4;
p1023;5;Muy buena gestión;
p1024;1;Muy insatisfecho con la atención al ciudadano;
p1024;2;Algo insatisfecho con la atención al ciudadano;
p1024;3;Ni satisfecho ni insatisfecho con la atención al ciudadano;
p1024;4;Algo satisfecho con la atención al ciudadano;
p1024;5;Muy satisfecho(a) con la atención al ciudadano;
p1025;1;Favorable;
p1025;2;Desfavorable;
p1025;3;No la conoce;
p1026;1;Muy mala gestión;
p1026;2;2;
p1026;3;3;
p1026;4;4;
p1026;5;Muy buena gestión;
p1027;1;Muy insatisfecho con la atención al ciudadano;
p1027;2;Algo insatisfecho con la atención al ciudadano;
p1027;3;Ni satisfecho ni insatisfecho con la atención al ciudadano;
p1027;4;Algo satisfecho con la atención al ciudadano;
p1027;5;Muy satisfecho(a) con la atención al ciudadano;
p1028;1;Favorable;
p1028;2;Desfavorable;
p1028;3;No la conoce;
p1029;1;Muy mala gestión;
p1029;2;2;
p1029;3;3;
p1029;4;4;
p1029;5;Muy buena gestión;
p1030;1;Muy insatisfecho con la atención al ciudadano;
p1030;2;Algo insatisfecho con la atención al ciudadano;
p1030;3;Ni satisfecho ni insatisfecho con la atención al ciudadano;
p1030;4;Algo satisfecho con la atención al ciudadano;
p1030;5;Muy satisfecho(a) con la atención al ciudadano;
p1031;1;Favorable;
p1031;2;Desfavorable;
p1031;3;No la conoce;
p1032;1;Muy mala gestión;
p1032;2;2;
p1032;3;3;
p1032;4;4;
p1032;5;Muy buena gestión;
p1033;1;Muy insatisfecho con la atención al ciudadano;
p1033;2;Algo insatisfecho con la atención al ciudadano;
p1033;3;Ni satisfecho ni insatisfecho con la atención al ciudadano;
p1033;4;Algo satisfecho con la atención al ciudadano;
p1033;5;Muy satisfecho(a) con la atención al ciudadano;
p1034;1;Favorable;
p1034;2;Desfavorable;
p1034;3;No la conoce;
p1035;1;Muy mala gestión;
p1035;2;2;
p1035;3;3;
p1035;4;4;
p1035;5;Muy buena gestión;
p1036;1;Muy insatisfecho con la atención al ciudadano;
p1036;2;Algo insatisfecho con la atención al ciudadano;
p1036;3;Ni satisfecho ni insatisfecho con la atención al ciudadano;
p1036;4;Algo satisfecho con la atención al ciudadano;
p1036;5;Muy satisfecho(a) con la atención al ciudadano;
p1037;1;Favorable;
p1037;2;Desfavorable;
p1037;3;No la conoce;
p1038;1;Muy mala gestión;
p1038;2;2;
p1038;3;3;
p1038;4;4;
p1038;5;Muy buena gestión;
p1039;1;Muy insatisfecho con la atención al ciudadano;
p1039;2;Algo insatisfecho con la atención al ciudadano;
p1039;3;Ni satisfecho ni insatisfecho con la atención al ciudadano;
p1039;4;Algo satisfecho con la atención al ciudadano;
p1039;5;Muy satisfecho(a) con la atención al ciudadano;
p1040;1;Favorable;
p1040;2;Desfavorable;
p1040;3;No la conoce;
p1041;1;Muy mala gestión;
p1041;2;2;
p1041;3;3;
p1041;4;4;
p1041;5;Muy buena gestión;
p1042;1;Muy insatisfecho con la atención al ciudadano;
p1042;2;Algo insatisfecho con la atención al ciudadano;
p1042;3;Ni satisfecho ni insatisfecho con la atención al ciudadano;
p1042;4;Algo satisfecho con la atención al ciudadano;
p1042;5;Muy satisfecho(a) con la atención al ciudadano;
p1043;1;Favorable;
p1043;2;Desfavorable;
p1043;3;No la conoce;
p1044;1;Muy mala gestión;
p1044;2;2;
p1044;3;3;
p1044;4;4;
p1044;5;Muy buena gestión;
p1045;1;Muy insatisfecho con la atención al ciudadano;
p1045;2;Algo insatisfecho con la atención al ciudadano;
p1045;3;Ni satisfecho ni insatisfecho con la atención al ciudadano;
p1045;4;Algo satisfecho con la atención al ciudadano;
p1045;5;Muy satisfecho(a) con la atención al ciudadano;
p1046;1;Favorable;
p1046;2;Desfavorable;
p1046;3;No la conoce;
p1047;1;Muy mala gestión;
p1047;2;2;
p1047;3;3;
p1047;4;4;
p1047;5;Muy buena gestión;
p1048;1;Muy insatisfecho con la atención al ciudadano;
p1048;2;Algo insatisfecho con la atención al ciudadano;
p1048;3;Ni satisfecho ni insatisfecho con la atención al ciudadano;
p1048;4;Algo satisfecho con la atención al ciudadano;
p1048;5;Muy satisfecho(a) con la atención al ciudadano;
p1049;1;Favorable;
p1049;2;Desfavorable;
p1049;3;No la conoce;
p1050;1;Muy mala gestión;
p1050;2;2;
p1050;3;3;
p1050;4;4;
p1050;5;Muy buena gestión;
p1051;1;Muy insatisfecho con la atención al ciudadano;
p1051;2;Algo insatisfecho con la atención al ciudadano;
p1051;3;Ni satisfecho ni insatisfecho con la atención al ciudadano;
p1051;4;Algo satisfecho con la atención al ciudadano;
p1051;5;Muy satisfecho(a) con la atención al ciudadano;
p1052;1;Favorable;
p1052;2;Desfavorable;
p1052;3;No la conoce;
p1053;1;Muy mala gestión;
p1053;2;2;
p1053;3;3;
p1053;4;4;
p1053;5;Muy buena gestión;
p1054;1;Muy insatisfecho con la atención al ciudadano;
p1054;2;Algo insatisfecho con la atención al ciudadano;
p1054;3;Ni satisfecho ni insatisfecho con la atención al ciudadano;
p1054;4;Algo satisfecho con la atención al ciudadano;
p1054;5;Muy satisfecho(a) con la atención al ciudadano;
p1055;1;Favorable;
p1055;2;Desfavorable;
p1055;3;No la conoce;
p1056;1;Muy mala gestión;
p1056;2;2;
p1056;3;3;
p1056;4;4;
p1056;5;Muy buena gestión;
p1057;1;Muy insatisfecho con la atención al ciudadano;
p1057;2;Algo insatisfecho con la atención al ciudadano;
p1057;3;Ni satisfecho ni insatisfecho con la atención al ciudadano;
p1057;4;Algo satisfecho con la atención al ciudadano;
p1057;5;Muy satisfecho(a) con la atención al ciudadano;
p1058;1;Favorable;
p1058;2;Desfavorable;
p1058;3;No la conoce;
p1059;1;Muy mala gestión;
p1059;2;2;
p1059;3;3;
p1059;4;4;
p1059;5;Muy buena gestión;
p1060;1;Muy insatisfecho con la atención al ciudadano;
p1060;2;Algo insatisfecho con la atención al ciudadano;
p1060;3;Ni satisfecho ni insatisfecho con la atención al ciudadano;
p1060;4;Algo satisfecho con la atención al ciudadano;
p1060;5;Muy satisfecho(a) con la atención al ciudadano;
p1061;1;Favorable;
p1061;2;Desfavorable;
p1061;3;No la conoce;
p1062;1;Muy mala gestión;
p1062;2;2;
p1062;3;3;
p1062;4;4;
p1062;5;Muy buena gestión;
p1063;1;Muy insatisfecho con la atención al ciudadano;
p1063;2;Algo insatisfecho con la atención al ciudadano;
p1063;3;Ni satisfecho ni insatisfecho con la atención al ciudadano;
p1063;4;Algo satisfecho con la atención al ciudadano;
p1063;5;Muy satisfecho(a) con la atención al ciudadano;
p1064;1;Favorable;
p1064;2;Desfavorable;
p1064;3;No la conoce;
p1065;1;Muy mala gestión;
p1065;2;2;
p1065;3;3;
p1065;4;4;
p1065;5;Muy buena gestión;
p1066;1;Muy insatisfecho con la atención al ciudadano;
p1066;2;Algo insatisfecho con la atención al ciudadano;
p1066;3;Ni satisfecho ni insatisfecho con la atención al ciudadano;
p1066;4;Algo satisfecho con la atención al ciudadano;
p1066;5;Muy satisfecho(a) con la atención al ciudadano;
p1067;1;Favorable;
p1067;2;Desfavorable;
p1067;3;No la conoce;
p1068;1;Muy mala gestión;
p1068;2;2;
p1068;3;3;
p1068;4;4;
p1068;5;Muy buena gestión;
p1069;1;Muy insatisfecho con la atención al ciudadano;
p1069;2;Algo insatisfecho con la atención al ciudadano;
p1069;3;Ni satisfecho ni insatisfecho con la atención al ciudadano;
p1069;4;Algo satisfecho con la atención al ciudadano;
p1069;5;Muy satisfecho(a) con la atención al ciudadano;
p1070;1;Favorable;
p1070;2;Desfavorable;
p1070;3;No la conoce;
p1071;1;Muy mala gestión;
p1071;2;2;
p1071;3;3;
p1071;4;4;
p1071;5;Muy buena gestión;
p1072;1;Muy insatisfecho con la atención al ciudadano;
p1072;2;Algo insatisfecho con la atención al ciudadano;
p1072;3;Ni satisfecho ni insatisfecho con la atención al ciudadano;
p1072;4;Algo satisfecho con la atención al ciudadano;
p1072;5;Muy satisfecho(a) con la atención al ciudadano;
p1073;1;Favorable;
p1073;2;Desfavorable;
p1073;3;No la conoce;
p1074;1;Muy mala gestión;
p1074;2;2;
p1074;3;3;
p1074;4;4;
p1074;5;Muy buena gestión;
p1075;1;Muy insatisfecho con la atención al ciudadano;
p1075;2;Algo insatisfecho con la atención al ciudadano;
p1075;3;Ni satisfecho ni insatisfecho con la atención al ciudadano;
p1075;4;Algo satisfecho con la atención al ciudadano;
p1075;5;Muy satisfecho(a) con la atención al ciudadano;
p1076;1;Favorable;
p1076;2;Desfavorable;
p1076;3;No la conoce;
p1077;1;Muy mala gestión;
p1077;2;2;
p1077;3;3;
p1077;4;4;
p1077;5;Muy buena gestión;
p1078;1;Muy insatisfecho con la atención al ciudadano;
p1078;2;Algo insatisfecho con la atención al ciudadano;
p1078;3;Ni satisfecho ni insatisfecho con la atención al ciudadano;
p1078;4;Algo satisfecho con la atención al ciudadano;
p1078;5;Muy satisfecho(a) con la atención al ciudadano;
p1079;1;Favorable;
p1079;2;Desfavorable;
p1079;3;No la conoce;
p1080;1;Muy mala gestión;
p1080;2;2;
p1080;3;3;
p1080;4;4;
p1080;5;Muy buena gestión;
p1081;1;Muy insatisfecho con la atención al ciudadano;
p1081;2;Algo insatisfecho con la atención al ciudadano;
p1081;3;Ni satisfecho ni insatisfecho con la atención al ciudadano;
p1081;4;Algo satisfecho con la atención al ciudadano;
p1081;5;Muy satisfecho(a) con la atención al ciudadano;
p1082;1;Favorable;
p1082;2;Desfavorable;
p1082;3;No la conoce;
p1083;1;Muy mala gestión;
p1083;2;2;
p1083;3;3;
p1083;4;4;
p1083;5;Muy buena gestión;
p1084;1;Muy insatisfecho con la atención al ciudadano;
p1084;2;Algo insatisfecho con la atención al ciudadano;
p1084;3;Ni satisfecho ni insatisfecho con la atención al ciudadano;
p1084;4;Algo satisfecho con la atención al ciudadano;
p1084;5;Muy satisfecho(a) con la atención al ciudadano;
p1085;1;Favorable;
p1085;2;Desfavorable;
p1085;3;No la conoce;
p1086;1;Muy mala gestión;
p1086;2;2;
p1086;3;3;
p1086;4;4;
p1086;5;Muy buena gestión;
p1087;1;Muy insatisfecho con la atención al ciudadano;
p1087;2;Algo insatisfecho con la atención al ciudadano;
p1087;3;Ni satisfecho ni insatisfecho con la atención al ciudadano;
p1087;4;Algo satisfecho con la atención al ciudadano;
p1087;5;Muy satisfecho(a) con la atención al ciudadano;
p1088;1;Favorable;
p1088;2;Desfavorable;
p1088;3;No la conoce;
p1089;1;Muy mala gestión;
p1089;2;2;
p1089;3;3;
p1089;4;4;
p1089;5;Muy buena gestión;
p1090;1;Muy insatisfecho con la atención al ciudadano;
p1090;2;Algo insatisfecho con la atención al ciudadano;
p1090;3;Ni satisfecho ni insatisfecho con la atención al ciudadano;
p1090;4;Algo satisfecho con la atención al ciudadano;
p1090;5;Muy satisfecho(a) con la atención al ciudadano;
p1091;1;Favorable;
p1091;2;Desfavorable;
p1091;3;No la conoce;
p1092;1;Muy mala gestión;
p1092;2;2;
p1092;3;3;
p1092;4;4;
p1092;5;Muy buena gestión;
p1093;1;Muy insatisfecho con la atención al ciudadano;
p1093;2;Algo insatisfecho con la atención al ciudadano;
p1093;3;Ni satisfecho ni insatisfecho con la atención al ciudadano;
p1093;4;Algo satisfecho con la atención al ciudadano;
p1093;5;Muy satisfecho(a) con la atención al ciudadano;
p1094;1;Favorable;
p1094;2;Desfavorable;
p1094;3;No la conoce;
p1095;1;Muy mala gestión;
p1095;2;2;
p1095;3;3;
p1095;4;4;
p1095;5;Muy buena gestión;
p1096;1;Muy insatisfecho con la atención al ciudadano;
p1096;2;Algo insatisfecho con la atención al ciudadano;
p1096;3;Ni satisfecho ni insatisfecho con la atención al ciudadano;
p1096;4;Algo satisfecho con la atención al ciudadano;
p1096;5;Muy satisfecho(a) con la atención al ciudadano;
p1097;1;Favorable;
p1097;2;Desfavorable;
p1097;3;No la conoce;
p1098;1;Muy mala gestión;
p1098;2;2;
p1098;3;3;
p1098;4;4;
p1098;5;Muy buena gestión;
p1099;1;Muy insatisfecho con la atención al ciudadano;
p1099;2;Algo insatisfecho con la atención al ciudadano;
p1099;3;Ni satisfecho ni insatisfecho con la atención al ciudadano;
p1099;4;Algo satisfecho con la atención al ciudadano;
p1099;5;Muy satisfecho(a) con la atención al ciudadano;
p1100;1;Favorable;
p1100;2;Desfavorable;
p1100;3;No la conoce;
p1101;1;Muy mala gestión;
p1101;2;2;
p1101;3;3;
p1101;4;4;
p1101;5;Muy buena gestión;
p1102;1;Muy insatisfecho con la atención al ciudadano;
p1102;2;Algo insatisfecho con la atención al ciudadano;
p1102;3;Ni satisfecho ni insatisfecho con la atención al ciudadano;
p1102;4;Algo satisfecho con la atención al ciudadano;
p1102;5;Muy satisfecho(a) con la atención al ciudadano;
p1103;1;Favorable;
p1103;2;Desfavorable;
p1103;3;No la conoce;
p1104;1;Muy mala gestión;
p1104;2;2;
p1104;3;3;
p1104;4;4;
p1104;5;Muy buena gestión;
p1105;1;Muy insatisfecho con la atención al ciudadano;
p1105;2;Algo insatisfecho con la atención al ciudadano;
p1105;3;Ni satisfecho ni insatisfecho con la atención al ciudadano;
p1105;4;Algo satisfecho con la atención al ciudadano;
p1105;5;Muy satisfecho(a) con la atención al ciudadano;
p1106;1;Favorable;
p1106;2;Desfavorable;
p1106;3;No la conoce;
p1107;1;Muy mala gestión;
p1107;2;2;
p1107;3;3;
p1107;4;4;
p1107;5;Muy buena gestión;
p1108;1;Muy insatisfecho con la atención al ciudadano;
p1108;2;Algo insatisfecho con la atención al ciudadano;
p1108;3;Ni satisfecho ni insatisfecho con la atención al ciudadano;
p1108;4;Algo satisfecho con la atención al ciudadano;
p1108;5;Muy satisfecho(a) con la atención al ciudadano;
p1109;1;Favorable;
p1109;2;Desfavorable;
p1109;3;No la conoce;
p1110;1;Muy mala gestión;
p1110;2;2;
p1110;3;3;
p1110;4;4;
p1110;5;Muy buena gestión;
p1111;1;Muy insatisfecho con la atención al ciudadano;
p1111;2;Algo insatisfecho con la atención al ciudadano;
p1111;3;Ni satisfecho ni insatisfecho con la atención al ciudadano;
p1111;4;Algo satisfecho con la atención al ciudadano;
p1111;5;Muy satisfecho(a) con la atención al ciudadano;
p1112;1;Favorable;
p1112;2;Desfavorable;
p1112;3;No la conoce;
p1113;1;Muy mala gestión;
p1113;2;2;
p1113;3;3;
p1113;4;4;
p1113;5;Muy buena gestión;
p1114;1;Muy insatisfecho con la atención al ciudadano;
p1114;2;Algo insatisfecho con la atención al ciudadano;
p1114;3;Ni satisfecho ni insatisfecho con la atención al ciudadano;
p1114;4;Algo satisfecho con la atención al ciudadano;
p1114;5;Muy satisfecho(a) con la atención al ciudadano;
p1115;1;Favorable;
p1115;2;Desfavorable;
p1115;3;No la conoce;
p1116;1;Muy mala gestión;
p1116;2;2;
p1116;3;3;
p1116;4;4;
p1116;5;Muy buena gestión;
p1117;1;Muy insatisfecho con la atención al ciudadano;
p1117;2;Algo insatisfecho con la atención al ciudadano;
p1117;3;Ni satisfecho ni insatisfecho con la atención al ciudadano;
p1117;4;Algo satisfecho con la atención al ciudadano;
p1117;5;Muy satisfecho(a) con la atención al ciudadano;
p1118;1;Favorable;
p1118;2;Desfavorable;
p1118;3;No la conoce;
p1119;1;Muy mala gestión;
p1119;2;2;
p1119;3;3;
p1119;4;4;
p1119;5;Muy buena gestión;
p1120;1;Muy insatisfecho con la atención al ciudadano;
p1120;2;Algo insatisfecho con la atención al ciudadano;
p1120;3;Ni satisfecho ni insatisfecho con la atención al ciudadano;
p1120;4;Algo satisfecho con la atención al ciudadano;
p1120;5;Muy satisfecho(a) con la atención al ciudadano;
p1121;1;Favorable;
p1121;2;Desfavorable;
p1121;3;No la conoce;
p1122;1;Muy mala gestión;
p1122;2;2;
p1122;3;3;
p1122;4;4;
p1122;5;Muy buena gestión;
p1123;1;Muy insatisfecho con la atención al ciudadano;
p1123;2;Algo insatisfecho con la atención al ciudadano;
p1123;3;Ni satisfecho ni insatisfecho con la atención al ciudadano;
p1123;4;Algo satisfecho con la atención al ciudadano;
p1123;5;Muy satisfecho(a) con la atención al ciudadano;
p1124;1;Favorable;
p1124;2;Desfavorable;
p1124;3;No la conoce;
p1125;1;Muy mala gestión;
p1125;2;2;
p1125;3;3;
p1125;4;4;
p1125;5;Muy buena gestión;
p1126;1;Muy insatisfecho con la atención al ciudadano;
p1126;2;Algo insatisfecho con la atención al ciudadano;
p1126;3;Ni satisfecho ni insatisfecho con la atención al ciudadano;
p1126;4;Algo satisfecho con la atención al ciudadano;
p1126;5;Muy satisfecho(a) con la atención al ciudadano;
p1127;1;Favorable;
p1127;2;Desfavorable;
p1127;3;No la conoce;
p1128;1;Muy mala gestión;
p1128;2;2;
p1128;3;3;
p1128;4;4;
p1128;5;Muy buena gestión;
p1129;1;Muy insatisfecho con la atención al ciudadano;
p1129;2;Algo insatisfecho con la atención al ciudadano;
p1129;3;Ni satisfecho ni insatisfecho con la atención al ciudadano;
p1129;4;Algo satisfecho con la atención al ciudadano;
p1129;5;Muy satisfecho(a) con la atención al ciudadano;
p1130;1;Favorable;
p1130;2;Desfavorable;
p1130;3;No la conoce;
p1131;1;Muy mala gestión;
p1131;2;2;
p1131;3;3;
p1131;4;4;
p1131;5;Muy buena gestión;
p1132;1;Muy insatisfecho con la atención al ciudadano;
p1132;2;Algo insatisfecho con la atención al ciudadano;
p1132;3;Ni satisfecho ni insatisfecho con la atención al ciudadano;
p1132;4;Algo satisfecho con la atención al ciudadano;
p1132;5;Muy satisfecho(a) con la atención al ciudadano;
p1133;1;Favorable;
p1133;2;Desfavorable;
p1133;3;No la conoce;
p1134;1;Muy mala gestión;
p1134;2;2;
p1134;3;3;
p1134;4;4;
p1134;5;Muy buena gestión;
p1135;1;Muy insatisfecho con la atención al ciudadano;
p1135;2;Algo insatisfecho con la atención al ciudadano;
p1135;3;Ni satisfecho ni insatisfecho con la atención al ciudadano;
p1135;4;Algo satisfecho con la atención al ciudadano;
p1135;5;Muy satisfecho(a) con la atención al ciudadano;
p1136;1;Favorable;
p1136;2;Desfavorable;
p1136;3;No la conoce;
p1137;1;Muy mala gestión;
p1137;2;2;
p1137;3;3;
p1137;4;4;
p1137;5;Muy buena gestión;
p1138;1;Muy insatisfecho con la atención al ciudadano;
p1138;2;Algo insatisfecho con la atención al ciudadano;
p1138;3;Ni satisfecho ni insatisfecho con la atención al ciudadano;
p1138;4;Algo satisfecho con la atención al ciudadano;
p1138;5;Muy satisfecho(a) con la atención al ciudadano;
p1139;1;Favorable;
p1139;2;Desfavorable;
p1139;3;No la conoce;
p1140;1;Muy mala gestión;
p1140;2;2;
p1140;3;3;
p1140;4;4;
p1140;5;Muy buena gestión;
p1141;1;Muy insatisfecho con la atención al ciudadano;
p1141;2;Algo insatisfecho con la atención al ciudadano;
p1141;3;Ni satisfecho ni insatisfecho con la atención al ciudadano;
p1141;4;Algo satisfecho con la atención al ciudadano;
p1141;5;Muy satisfecho(a) con la atención al ciudadano;
p1142;1;Favorable;
p1142;2;Desfavorable;
p1142;3;No la conoce;
p1143;1;Muy mala gestión;
p1143;2;2;
p1143;3;3;
p1143;4;4;
p1143;5;Muy buena gestión;
p1144;1;Muy insatisfecho con la atención al ciudadano;
p1144;2;Algo insatisfecho con la atención al ciudadano;
p1144;3;Ni satisfecho ni insatisfecho con la atención al ciudadano;
p1144;4;Algo satisfecho con la atención al ciudadano;
p1144;5;Muy satisfecho(a) con la atención al ciudadano;
p1145;1;Favorable;
p1145;2;Desfavorable;
p1145;3;No la conoce;
p1146;1;Muy mala gestión;
p1146;2;2;
p1146;3;3;
p1146;4;4;
p1146;5;Muy buena gestión;
p1147;1;Muy insatisfecho con la atención al ciudadano;
p1147;2;Algo insatisfecho con la atención al ciudadano;
p1147;3;Ni satisfecho ni insatisfecho con la atención al ciudadano;
p1147;4;Algo satisfecho con la atención al ciudadano;
p1147;5;Muy satisfecho(a) con la atención al ciudadano;
p1148;1;Favorable;
p1148;2;Desfavorable;
p1148;3;No la conoce;
p1149;1;Muy mala gestión;
p1149;2;2;
p1149;3;3;
p1149;4;4;
p1149;5;Muy buena gestión;
p1150;1;Muy insatisfecho con la atención al ciudadano;
p1150;2;Algo insatisfecho con la atención al ciudadano;
p1150;3;Ni satisfecho ni insatisfecho con la atención al ciudadano;
p1150;4;Algo satisfecho con la atención al ciudadano;
p1150;5;Muy satisfecho(a) con la atención al ciudadano;
p1151;1;Favorable;
p1151;2;Desfavorable;
p1151;3;No la conoce;
p1152;1;Muy mala gestión;
p1152;2;2;
p1152;3;3;
p1152;4;4;
p1152;5;Muy buena gestión;
p1153;1;Muy insatisfecho con la atención al ciudadano;
p1153;2;Algo insatisfecho con la atención al ciudadano;
p1153;3;Ni satisfecho ni insatisfecho con la atención al ciudadano;
p1153;4;Algo satisfecho con la atención al ciudadano;
p1153;5;Muy satisfecho(a) con la atención al ciudadano;
p1154;1;Favorable;
p1154;2;Desfavorable;
p1154;3;No la conoce;
p1155;1;Muy mala gestión;
p1155;2;2;
p1155;3;3;
p1155;4;4;
p1155;5;Muy buena gestión;
p1156;1;Muy insatisfecho con la atención al ciudadano;
p1156;2;Algo insatisfecho con la atención al ciudadano;
p1156;3;Ni satisfecho ni insatisfecho con la atención al ciudadano;
p1156;4;Algo satisfecho con la atención al ciudadano;
p1156;5;Muy satisfecho(a) con la atención al ciudadano;
p1157;1;Favorable;
p1157;2;Desfavorable;
p1157;3;No la conoce;
p1158;1;Muy mala gestión;
p1158;2;2;
p1158;3;3;
p1158;4;4;
p1158;5;Muy buena gestión;
p1159;1;Muy insatisfecho con la atención al ciudadano;
p1159;2;Algo insatisfecho con la atención al ciudadano;
p1159;3;Ni satisfecho ni insatisfecho con la atención al ciudadano;
p1159;4;Algo satisfecho con la atención al ciudadano;
p1159;5;Muy satisfecho(a) con la atención al ciudadano;
p1160;1;Favorable;
p1160;2;Desfavorable;
p1160;3;No la conoce;
p1161;1;Muy mala gestión;
p1161;2;2;
p1161;3;3;
p1161;4;4;
p1161;5;Muy buena gestión;
p1162;1;Muy insatisfecho con la atención al ciudadano;
p1162;2;Algo insatisfecho con la atención al ciudadano;
p1162;3;Ni satisfecho ni insatisfecho con la atención al ciudadano;
p1162;4;Algo satisfecho con la atención al ciudadano;
p1162;5;Muy satisfecho(a) con la atención al ciudadano;
p1166;1;Se siente muy insatisfecho;
p1166;2;Se siente Algo insatisfecho;
p1166;3;No se siente ni satisfecho ni insatisfecho;
p1166;4;Se siente algo satisfecho;
p1166;5;Se siente muy satisfecho;
p1168;1;Se siente muy insatisfecho;
p1168;2;Se siente Algo insatisfecho;
p1168;3;No se siente ni satisfecho ni insatisfecho;
p1168;4;Se siente algo satisfecho;
p1168;5;Se siente muy satisfecho;
p1169;1;Se siente muy insatisfecho;
p1169;2;Se siente Algo insatisfecho;
p1169;3;No se siente ni satisfecho ni insatisfecho;
p1169;4;Se siente algo satisfecho;
p1169;5;Se siente muy satisfecho;
p1170;1;Se siente muy insatisfecho;
p1170;2;Se siente Algo insatisfecho;
p1170;3;No se siente ni satisfecho ni insatisfecho;
p1170;4;Se siente algo satisfecho;
p1170;5;Se siente muy satisfecho;
p155;1;Muy insatisfecho;
p155;2;Algo insatisfecho;
p155;3;Ni satisfecho ni insatisfecho;
p155;4;Algo satisfecho;
p155;5;Muy satisfecho;
p265;1;Si;
p265;2;No;
p469;1;1 Nada;
p469;2;2;
p469;3;3;
p469;4;4;
p469;5;5 Mucho;
p483;1;1 Nada;
p483;2;2;
p483;3;3;
p483;4;4;
p483;5;5 Mucho;
p484;1;1 Nada;
p484;2;2;
p484;3;3;
p484;4;4;
p484;5;5 Mucho;
p49;1;Tengo lo necesario;
p49;2;Tengo donde vivir/ tengo techo/ tengo vivienda;
p49;3;No falta la comida;
p49;4;Tengo trabajo/ puedo trabajar;
p49;5;Tengo salud/ tengo seguro médico;
p49;6;Porque vivo bien/ tengo comodidades;
p49;7;Estoy estable económicamente/ tengo capacidad económica;
p49;8;Tengo estudio/ tengo educación;
p49;9;Tengo familia/ hogar/ buen hogar;
p49;10;Nadie es pobre/ pobre es aquel que no tiene nada;
p49;89;Otro;
p59;1;Arriendo / Cuota hipotecaria;
p59;2;Gastos en educación;
p59;3;Aportes a seguridad social (pensión / EPS / medicina prepagada);
p59;4;Gastos en salud;
p59;5;Gastos en transporte;
p59;6;Gastos en alimentación;
p59;7;Pago de servicios públicos;
p59;8;Créditos/ deudas;
p59;89;Otro;
p60;1;Acueducto, alcantarillado y aseo;
p60;2;Energía eléctrica;
p60;3;Gas natural;
p60;4;Teléfono fijo;
p60;5;Celular;
p60;6;Televisión por cable;
p60;7;Internet;
p60;89;Otro. ¿Cuál? ;
p151;1;Si;
p151;2;No;
p152;1;Si;
p152;2;No;
p479;1;1 Nada;
p479;2;2;
p479;3;3;
p479;4;4;
p479;5;5 Mucho;
p39;1;Muy insatisfecho;
p39;2;Algo insatisfecho;
p39;3;Ni satisfecho ni insatisfecho;
p39;4;Algo satisfecho;
p39;5;Muy satisfecho;
p41;1;Nada Seguro;
p41;2;2;
p41;3;3;
p41;4;4;
p41;5;Muy Seguro;
p42;1;Muy insatisfecho;
p42;2;Algo insatisfecho;
p42;3;Ni satisfecho ni insatisfecho;
p42;4;Algo satisfecho;
p42;5;Muy satisfecho;
p63;1;Pocas veces, una o dos veces en las últimas cuatro semanas;
p63;2;A veces, entre tres y diez veces las últimas cuatro semanas;
p63;3;Con frecuencia, más de diez veces en las últimas cuatro semanas;
p157;1;El caso era leve;
p157;2;No tuvo tiempo;
p157;3;El centro de atención queda lejos;
p157;4;Falta de dinero;
p157;5;Mal servicio;
p157;6;No lo atendieron;
p157;7;No confía en los médicos;
p157;8;Consultó antes y no le resolvieron el problema;
p157;9;Muchos trámites para la cita;
p157;89;Otra. ¿Cuál? ;
p158;1;Si;
p158;2;No;
p185;1;Muy insatisfecho;
p185;2;Algo insatisfecho;
p185;3;Ni satisfecho ni insatisfecho;
p185;4;Algo satisfecho;
p185;5;Muy satisfecho;
p185;90;No recibe;
p191;1;Muy insatisfecho;
p191;2;Algo insatisfecho;
p191;3;Ni satisfecho ni insatisfecho;
p191;4;Algo satisfecho;
p191;5;Muy satisfecho;
p191;90;No recibe;
p213;1;Muy insatisfecho;
p213;2;Algo insatisfecho;
p213;3;Ni satisfecho ni insatisfecho;
p213;4;Algo satisfecho;
p213;5;Muy satisfecho;
p213;90;No recibe;
p218;1;Muy insatisfecho;
p218;2;Algo insatisfecho;
p218;3;Ni satisfecho ni insatisfecho;
p218;4;Algo satisfecho;
p218;5;Muy satisfecho;
p218;90;No recibe;
p222;1;Muy insatisfecho;
p222;2;Algo insatisfecho;
p222;3;Ni satisfecho ni insatisfecho;
p222;4;Algo satisfecho;
p222;5;Muy satisfecho;
p222;90;No recibe;
p256;1;Propia pagando;
p256;2;Propia pagada;
p256;3;Arrendada;
p256;4;Familiar;
p256;89;Otra.;
p489;1;1 Nada;
p489;2;2;
p489;3;3;
p489;4;4;
p489;5;5 Mucho;
p490;1;1 Nada;
p490;2;2;
p490;3;3;
p490;4;4;
p490;5;5 Mucho;
p591;1;No hay otro medio de transporte;
p591;2;No puede pagar otro medio;
p591;3;Porque la distancia es corta;
p591;4;Porque es bueno para la salud;
p591;89;Otra. ¿Cuál? ;
p620;1;Muy insatisfecho;
p620;2;Algo insatisfecho;
p620;3;Ni satisfecho ni insatisfecho;
p620;4;Algo satisfecho;
p620;5;Muy satisfecho;
p621;1;Muy insatisfecho;
p621;2;Algo insatisfecho;
p621;3;Ni satisfecho ni insatisfecho;
p621;4;Algo satisfecho;
p621;5;Muy satisfecho;
p622;1;Muy insatisfecho;
p622;2;Algo insatisfecho;
p622;3;Ni satisfecho ni insatisfecho;
p622;4;Algo satisfecho;
p622;5;Muy satisfecho;
p825;1;No afecta en Nada mi salud ni la de mi familia;
p825;2;2;
p825;3;3;
p825;4;4;
p825;5;Si afecta mucho mi salud y la de mi familia;
p826;1;No afecta en Nada mi salud ni la de mi familia;
p826;2;2;
p826;3;3;
p826;4;4;
p826;5;Si afecta mucho mi salud y la de mi familia;
p827;1;No afecta en Nada mi salud ni la de mi familia;
p827;2;2;
p827;3;3;
p827;4;4;
p827;5;Si afecta mucho mi salud y la de mi familia;
p828;1;No afecta en Nada mi salud ni la de mi familia;
p828;2;2;
p828;3;3;
p828;4;4;
p828;5;Si afecta mucho mi salud y la de mi familia;
p829;1;No afecta en Nada mi salud ni la de mi familia;
p829;2;2;
p829;3;3;
p829;4;4;
p829;5;Si afecta mucho mi salud y la de mi familia;
p830;1;No afecta en Nada mi salud ni la de mi familia;
p830;2;2;
p830;3;3;
p830;4;4;
p830;5;Si afecta mucho mi salud y la de mi familia;
p831;1;No afecta en Nada mi salud ni la de mi familia;
p831;2;2;
p831;3;3;
p831;4;4;
p831;5;Si afecta mucho mi salud y la de mi familia;
p1362;1;Televisión;
p1362;2;Prensa escrita local (periódicos locales);
p1362;3;Emisoras de radio locales;
p1362;4;Internet;
p1362;5;Prensa escrita nacional;
p1362;6;Reuniones de la Alcaldía Mayor;
p1362;7;Información de líderes comunitarios;
p1362;8;Información de una ONG;
p1362;9;Conversaciones con personas;
p1362;10;Radio comunitaria;
p1362;11;Foros;
p1362;12;Instituciones educativas;
p1362;89;Otra.;
p1362;90;Ninguna;
p1364;1;Nada;
p1364;2;2;
p1364;3;3;
p1364;4;4;
p1364;5;Mucho;
p1431;1;Las propuestas e ideas;
p1431;2;El carisma o personalidad del candidato;
p1431;3;La opinión de amigos y familiares;
p1431;4;Por su partido o movimiento político;
p1431;5;Para poder obtener beneficios personales;
p1431;6;Porque era un candidato nuevo;
p1431;89;Otro.;
p1442;1;Si;
p1442;2;No;
p1443;1;Si;
p1443;2;No;