Dimensión;Categoría;Indicador;Descripción;Unidad de Medida;Fuente;Cobertura;Periodicidad;1998;1999;2000;2001;2002;2003;2004;2005;2006;2007;2008;2009;2010;2011;2012
Educación;Cobertura;Tasa global de cobertura bruta en educación;Mide la población matriculada sobre el total población en edad escolar (5 a 16 años);Porcentual;Secretaría de Educación del Distrito;Distrital;Anual;83,5%;87,4%;88,0%;90,0%;92,1%;94,9%;96,7%;96,9%;97,1%;98,7%;102,6%;103,4%;103,6%;101,0%;99,3%
Educación;Cobertura;Tasa global de cobertura neta en educación;Mide la población de 5 a 16 años matriculada sobre el total población en edad escolar;Porcentual;Secretaría de Educación del Distrito;Distrital;Anual;88,0%;88,7%;88,4%;90,8%;89,9%;92,10%;92,1%;90,7%;90,7%;92,2%;96,5%;96,9%;95,7%;94,2%;95,8%
Educación;Cobertura;Tasa de cobertura en educación inicial;Mide la población matriculada en educación inicial menores a 5 años sobre el  población de 3 a 4 años;Porcentual;Secretaría de Educación del Distrito;Distrital;Anual;N.D;N.D;N.D;N.D;N.D;N.D;N.D;N.D;N.D;N.D;N.D;29,5%;32,4%;55,1%;N.D
Educación;Cobertura;Tasa de cobertura bruta en preescolar;Mide la población matriculada en preescolar sobre la población de 5 años;Porcentual;Secretaría de Educación del Distrito;Distrital;Anual;68,8%;69,0%;69,7%;70,7%;71,9%;73,1%;68,8%;70,0%;71,9%;74,9%;92,5%;89,1%;89,0%;85,6%;83,3%
Educación;Cobertura;Tasa de cobertura bruta en básica primaria;Mide la población matriculada en educación primaria (grados 1º a 5º)  sobre la población de 6 a 10 años;Porcentual;Secretaría de Educación del Distrito;Distrital;Anual;94,9%;102,3%;100,7%;102,2%;114,1%;107,0%;106,2%;106,2%;105,7%;107,6%;108,8%;108,6%;106,7%;102,6%;97,2%
Educación;Cobertura;Tasa de cobertura neta en básica primaria;Mide la población matriculada en educación primaria (grados 1º a 5º) de 6 a 10 años sobre la población de 6 a 10 años;Porcentual;Secretaría de Educación del Distrito;Distrital;Anual;N.D;N.D;N.D;N.D;90.35%;85,5%;85,1%;89,8%;90,7%;85,5%;103,9%;104,1%;100,8%;93,7%;89,3%
Educación;Cobertura;Tasa de cobertura bruta en básica secundaria;Mide la  población matriculada en educación secundaria (grados 6º a 9º)  sobre la población de 11 a 14 años;Porcentual;Secretaría de Educación del Distrito;Distrital;Anual;91,0%;93,8%;95,5%;98,3%;102,9%;105,2%;105,0%;104,5%;104,0%;105,2%;106,7%;108,0%;109,1%;107,7%;107,8%
Educación;Cobertura;Tasa de cobertura neta en básica secundaria;Mide la población matriculada en educación secundaria (grados 6º a 9º) de 11 a 14 años sobre la población de 11 a 14 años;Porcentual;Secretaría de Educación del Distrito;Distrital;Anual;N.D;N.D;N.D;N.D;78,1%;72,4%;68,9%;73,8%;75,5%;79,3%;90,6%;92,1%;91,3%;88,8%;90,5%
Educación;Cobertura;Tasa de cobertura bruta en media vocacional;Mide la población matriculada en educación media (grados 10º y 11º)  sobre  la población de 15 a 16 años;Porcentual;Secretaría de Educación del Distrito;Distrital;Anual;56,3%;58,2%;61,5%;63,5%;64,7%;65,3%;83,2%;84,1%;85,7%;85,9%;84,5%;88,3%;92,2%;91,4%;88,3%
Educación;Cobertura;Tasa de cobertura neta en media vocacional;Mide la población matriculada en educación media (grados 10º y 11º) de 15 a 16 años de edad  sobre la  población de 15 a 16 años;Porcentual;Secretaría de Educación del Distrito;Distrital;Anual;N.D;N.D;N.D;N.D;44,0%;42,5%;37,2%;44,5%;46,6%;54,8%;62,1%;61,9%;58,1%;58,2%;64,6%
Educación;Cobertura;Número de estudiantes matriculados en carreras técnicas;Número de estudiantes matriculados en carreras técnicas;Numérico;Secretaría de Educación del Distrito;Distrital;Anual;N.D;N.D;N.D;N.D;54.806;84.657;120.496;136.490;171.338;206.791;224.024;185.826;93.519;106.761;N.D.
Educación;Cobertura;Tasa  de cobertura en educación en técnica;Mide la población matriculada en carreras técnicas sobre la población de 17 a 24 años;Porcentual;DANE (Encuesta Multipropósito 2011);Distrital;Anual;N.D;N.D;N.D;N.D;N.D;N.D;N.D;N.D;N.D;N.D;N.D;N.D;N.D;10,30%;N.D.
Educación;Cobertura;Tasa de cobertura bruta en educación universitaria;Mide la población matriculada en carreras universitaria sobre la población de 17 a 24 años;Porcentual;Ministerio de Educación Nacional;Distrital;Anual;N.D;N.D;N.D;N.D;25,50%;25.6%;27.0%;28.4%;30.1%;31.6%;34.1%;35.6%;37.2%;68,3%;N.D.
Educación;Eficiencia Interna;Tasa de deserción educación preescolar, básica primaria, básica secundaria y media vocacional pública;Mide los estudiantes vinculados al sistema educativo público en un año determinado, que abandonan el sistema educativo en el transcurso del año o al término del mismo sobre población vinculada formalmente al sistema educativo;Porcentual;Secretaría de Educación del Distrito;Distrital;Anual;3,90%;4,30%;4,40%;4,50%;3,30%;3,20%;3,20%;3,20%;3,50%;3,60%;3,60%;3,70%;3,90%;3,9%;N.D.
Educación;Eficiencia Interna;Tasa de deserción educación preescolar, básica primaria, básica secundaria y media vocacional privada;Mide los estudiantes vinculados al sistema educativo privado, en un año determinado, que abandonan el sistema educativo en el transcurso del año o al término del mismo sobre la población vinculada formalmente al sistema educativo;Porcentual;Secretaría de Educación del Distrito;Distrital;Anual;3,10%;3,30%;3,20%;3,20%;2,60%;2,20%;2,20%;1,90%;1,80%;1,50%;1,50%;1,40%;1,20%;1,10%;N.D.
Educación;Eficiencia Interna;Tasa de repetición en básica primaria, básica secundaria y media vocacional pública;Mide los estudiantes repitentes en un nivel educativo sobre los estudiantes matriculados en este nivel del  sector oficial;Porcentual;Secretaría de Educación del Distrito;Distrital;Anual;N.D;6,50%;6,80%;7,90%;7,80%;2,70%;2,60%;3,10%;3,10%;3,40%;3,20%;3,30%;3,70%;8,60%;8,20%
Educación;Eficiencia Interna;Tasa de repetición en básica primaria, básica secundaria y media vocacional privada;Mide los estudiantes repitentes en un nivel educativo sobre los estudiantes matriculados en este nivel del  sector no oficial;Porcentual;Secretaría de Educación del Distrito;Distrital;Anual;1,80%;2,70%;2,40%;2,60%;2,30%;1,50%;1,60%;1,80%;1,50%;1,40%;1,30%;1,70%;1,90%;2,80%;2,40%
Educación;Años promedio de educación;Años promedio de educación población de 15 a 24 años;Años promedios de educación cursados por la personas entre 15 y 24  años;Numérico en Años;Secretaría de Educación del Distrito;Distrital;Censo;N.D;N.D;N.D;N.D;N.D;N.D;N.D;N.D;N.D;11,1;10,9;10,9;N.D;10,9;N.D.
Educación;Analfabetismo;Tasa de analfabetismo de 15 a 24 años;Mide la población de 15 a 24 años que no sabe leer ni escribir sobre la población total de 15 a 24 años;Porcentual;DANE - Secretaría Distrital de Planeación;Distrital;Anual;2,0%;2,0%;2,4%;2,0%;2,3%;2,5%;1,9%;2,4%;2,1%;0,5%;0,5%;0,5%;0,5%;0,5%;N.D.
Educación;Calidad de la Educación;Pruebas saber de 5º grado en colegios privados;Puntaje promedio de las pruebas en matemáticas;Numérico;ICFES - Ministerio de Educación Nacional;Distrital;Bianual;N.A;N.A;N.A;N.A;N.A;N.A;N.A;N.A;N.A;N.A;N.A;366;N.A;N.A;N.D.
Educación;Calidad de la Educación;Pruebas saber de 5º grado en colegios privados;Puntaje promedio de las pruebas en lenguajes;Numérico;ICFES - Ministerio de Educación Nacional;Distrital;Bianual;N.A;N.A;N.A;N.A;N.A;N.A;N.A;N.A;N.A;N.A;N.A;369;N.A;N.A;N.D.
Educación;Calidad de la Educación;Pruebas saber de 5º grado en colegios privados;Puntaje promedio de las pruebas en ciencias naturales;Numérico;ICFES - Ministerio de Educación Nacional;Distrital;Bianual;N.A;N.A;N.A;N.A;N.A;N.A;N.A;N.A;N.A;N.A;N.A;364;N.A;N.A;N.D.
Educación;Calidad de la Educación;Pruebas saber de 9º grado en colegios privados;Puntaje promedio de las pruebas en matemáticas;Numérico;ICFES - Ministerio de Educación Nacional;Distrital;Bianual;N.A;N.A;N.A;N.A;N.A;N.A;N.A;N.A;N.A;N.A;N.A;371;N.A;N.A;N.D.
Educación;Calidad de la Educación;Pruebas saber de 9º grado en colegios privados;Puntaje promedio de las pruebas en lenguajes;Numérico;ICFES - Ministerio de Educación Nacional;Distrital;Bianual;N.A;N.A;N.A;N.A;N.A;N.A;N.A;N.A;N.A;N.A;N.A;367;N.A;N.A;N.D.
Educación;Calidad de la Educación;Pruebas saber de 9º grado en colegios privados;Puntaje promedio de las pruebas en ciencias naturales;Numérico;ICFES - Ministerio de Educación Nacional;Distrital;Bianual;N.A;N.A;N.A;N.A;N.A;N.A;N.A;N.A;N.A;N.A;N.A;368;N.A;N.A;N.D.
Educación;Calidad de la Educación;Pruebas saber de 5º grado en colegios públicos;Puntaje promedio de las pruebas en matemáticas;Numérico;ICFES - Ministerio de Educación Nacional;Distrital;Bianual;N.A;N.A;N.A;N.A;N.A;N.A;N.A;N.A;N.A;N.A;N.A;311;N.A;N.A;N.D.
Educación;Calidad de la Educación;Pruebas saber de 5º grado en colegios públicos;Puntaje promedio de las pruebas en lenguajes;Numérico;ICFES - Ministerio de Educación Nacional;Distrital;Bianual;N.A;N.A;N.A;N.A;N.A;N.A;N.A;N.A;N.A;N.A;N.A;312;N.A;N.A;N.D.
Educación;Calidad de la Educación;Pruebas saber de 5º grado en colegios públicos;Puntaje promedio de las pruebas en ciencias naturales;Numérico;ICFES - Ministerio de Educación Nacional;Distrital;Bianual;N.A;N.A;N.A;N.A;N.A;N.A;N.A;N.A;N.A;N.A;N.A;309;N.A;N.A;N.D.
Educación;Calidad de la Educación;Pruebas saber de 9º grado en colegios públicos;Puntaje promedio de las pruebas en matemáticas;Numérico;ICFES - Ministerio de Educación Nacional;Distrital;Bianual;N.A;N.A;N.A;N.A;N.A;N.A;N.A;N.A;N.A;N.A;N.A;307;N.A;N.A;N.D.
Educación;Calidad de la Educación;Pruebas saber de 9º grado en colegios públicos;Puntaje promedio de las pruebas en lenguajes;Numérico;ICFES - Ministerio de Educación Nacional;Distrital;Bianual;N.A;N.A;N.A;N.A;N.A;N.A;N.A;N.A;N.A;N.A;N.A;306;N.A;N.A;N.D.
Educación;Calidad de la Educación;Pruebas saber de 9º grado en colegios públicos;Puntaje promedio de las pruebas en ciencias naturales;Numérico;ICFES - Ministerio de Educación Nacional;Distrital;Bianual;N.A;N.A;N.A;N.A;N.A;N.A;N.A;N.A;N.A;N.A;N.A;303;N.A;N.A;N.D.
Educación;Calidad de la Educación;Pruebas saber de 11º grado en colegios privados por categoría;Porcentaje de colegios con categoría muy superior;Porcentual;ICFES - Ministerio de Educación Nacional;Distrital;Anual;N.D;N.D;N.D;N.D;7%;7%;11%;14%;26%;17%;22,40%;27%;35,20%;38,20%;39,48%
Educación;Calidad de la Educación;Pruebas saber de 11º grado en colegios privados por categoría;Porcentaje de colegios con categoría superior;Porcentual;ICFES - Ministerio de Educación Nacional;Distrital;Anual;N.D;N.D;N.D;N.D;19%;19%;26%;21%;28%;24%;28,10%;27,50%;25,70%;27,60%;25,25%
Educación;Calidad de la Educación;Pruebas saber de 11º grado en colegios privados por categoría;Porcentaje de colegios con categoría alta;Porcentual;ICFES - Ministerio de Educación Nacional;Distrital;Anual;N.D;N.D;N.D;N.D;23%;23%;27%;23%;24%;20%;16,60%;17,90%;13,40%;13,60%;13,35%
Educación;Calidad de la Educación;Pruebas saber de 11º grado en colegios privados por categoría;Porcentaje de colegios con categoría media;Porcentual;ICFES - Ministerio de Educación Nacional;Distrital;Anual;N.D;N.D;N.D;N.D;32%;29%;30%;28%;19%;25%;17,70%;16,10%;11,20%;14,30%;15,24%
Educación;Calidad de la Educación;Pruebas saber de 11º grado en colegios privados por categoría;Porcentaje de colegios con categoría baja;Porcentual;ICFES - Ministerio de Educación Nacional;Distrital;Anual;N.D;N.D;N.D;N.D;19%;20%;6%;14%;3%;14%;13,80%;10,80%;13,10%;6.1%;5,95%
Educación;Calidad de la Educación;Pruebas saber de 11º grado en colegios privados por categoría;Porcentaje de colegios con categoría inferior;Porcentual;ICFES - Ministerio de Educación Nacional;Distrital;Anual;N.D;N.D;N.D;N.D;0%;2%;0%;1%;0%;1%;1,30%;0,50%;1,40%;0.1%;0,58%
Educación;Calidad de la Educación;Pruebas saber de 11º grado en colegios privados por categoría;Porcentaje de colegios con categoría muy inferior;Porcentual;ICFES - Ministerio de Educación Nacional;Distrital;Anual;N.D;N.D;N.D;N.D;0%;0%;0%;0%;0%;0%;0%;0,20%;0%;0.0%;0,15%
Educación;Calidad de la Educación;Pruebas saber de 11º grado en colegios públicos por categoría;Porcentaje de colegios con categoría muy superior;Porcentual;ICFES - Ministerio de Educación Nacional;Distrital;Anual;N.D;N.D;N.D;N.D;0%;0%;0%;0%;0%;0%;0,20%;0,20%;0%;0,20%;0,32%
Educación;Calidad de la Educación;Pruebas saber de 11º grado en colegios públicos por categoría;Porcentaje de colegios con categoría superior;Porcentual;ICFES - Ministerio de Educación Nacional;Distrital;Anual;N.D;N.D;N.D;N.D;3%;2%;5%;2%;14%;2%;0,90%;2,70%;5,90%;10,80%;17,68%
Educación;Calidad de la Educación;Pruebas saber de 11º grado en colegios públicos por categoría;Porcentaje de colegios con categoría alta;Porcentual;ICFES - Ministerio de Educación Nacional;Distrital;Anual;N.D;N.D;N.D;N.D;27%;26%;54%;26%;46%;17%;17,10%;30,40%;33,70%;46,10%;41,96%
Educación;Calidad de la Educación;Pruebas saber de 11º grado en colegios públicos por categoría;Porcentaje de colegios con categoría media;Porcentual;ICFES - Ministerio de Educación Nacional;Distrital;Anual;N.D;N.D;N.D;N.D;55%;53%;38%;54%;37%;57%;53,60%;46,30%;42%;35%;30,55%
Educación;Calidad de la Educación;Pruebas saber de 11º grado en colegios públicos por categoría;Porcentaje de colegios con categoría baja;Porcentual;ICFES - Ministerio de Educación Nacional;Distrital;Anual;N.D;N.D;N.D;N.D;15%;19%;2%;18%;4%;25%;27,50%;19,90%;17,40%;7,90%;9,16%
Educación;Calidad de la Educación;Pruebas saber de 11º grado en colegios públicos por categoría;Porcentaje de colegios con categoría inferior;Porcentual;ICFES - Ministerio de Educación Nacional;Distrital;Anual;N.D;N.D;N.D;N.D;0%;0%;0%;0%;0%;0%;0,70%;0,50%;1%;0,00%;0,32%
Educación;Calidad de la Educación;Pruebas saber de 11º grado en colegios públicos por categoría;Porcentaje de colegios con categoría muy inferior;Porcentual;ICFES - Ministerio de Educación Nacional;Distrital;Anual;N.D;N.D;N.D;N.D;0%;0%;0%;0%;0%;0%;0%;0%;0%;0,00%;0,00%
Salud;Cobertura del Aseguramiento en Salud;Porcentaje de personas vinculadas pero no afiliadas;Porcentaje de personas que no cuentan con aseguramiento de ningún tipo;Porcentual;Secretaría Distrital de Salud;Distrital;Anual;N.D;N.D;41,17%;40,20%;40,45%;38,65%;28,22%;20,37%;16%;11,90%;10,64%;13,20%;11,29%;7,60%;por confirmar
Salud;Cobertura del Aseguramiento en Salud;Personas afiliadas al régimen subsidiado;Mide el número de afiliados al Régimen Subsidiado de Salud;Numérico;Secretaría Distrital de Salud;Distrital;Anual;915.502  ;994.546  ;1.046.920  ;1.216.970  ;1.292.259  ;1.369.970  ;1.532.777  ;1.680.537  ;1.620.305  ;1.651.029  ;1.518.709  ;1.275.129  ;1.309.008  ;1.313.974  ;1.251.930  
Salud;Cobertura del Aseguramiento en Salud;Cobertura al régimen subsidiado;Mide la población afiliada al Régimen Subsidiado de Salud sobre la población total;Porcentual;Secretaría Distrital de Salud;Distrital;Anual;15,08%;16,07%;16,61%;18,98%;19,82%;20,67%;22,76%;24,57%;23,33%;23,42%;21,23%;17,56%;17,78%;17,60%;16,44%
Salud;Cobertura del Aseguramiento en Salud;Cobertura al régimen contributivo;Mide la población afiliada al Régimen Contributivo de Salud  sobre el  total de la población;Porcentual;Secretaría Distrital de Salud;Distrital;Anual;N.D;N.D;35,23%;32,68%;31,86%;32,99%;35,07%;36,31%;37,67%;38,91%;38,77%;40,16%;41,08%;72,30%;69,6%
Salud;Cobertura del Aseguramiento en Salud;Cobertura régimen especial;Número de afiliados al Régimen Especial;Numérico;Secretaría Distrital de Salud;Distrital;Anual;N.D;N.D;N.D;N.D;N.D;N.D;N.D;N.D;N.D;N.D;N.D;N.D;860.824;924.061;266.047
Salud;Vacunación;Antipolio;Mide el número de niños vacunados sobre el total de niños en edad de vacunar;Porcentual;Secretaría Distrital de Salud;Distrital;Anual;86,20%;85%;81,70%;91,90%;90,50%;94,40%;92,40%;90,60%;92,70%;94,10%;96,90%;96,70%;94,00%;89,60%;86,4%
Salud;Vacunación;DPT;Mide el número de niños vacunados sobre el total de niños en edad de vacunar;Porcentual;Secretaría Distrital de Salud;Distrital;Anual;N.D;N.D;79,40%;90,30%;85,40%;93,30%;92,30%;90,50%;92,60%;94%;96,80%;96,60%;94%;89,60%;86,3%
Salud;Vacunación;BCG (Tuberculosis);Mide el número de niños vacunados sobre el total de niños en edad de vacunar;Porcentual;Secretaría Distrital de Salud;Distrital;Anual;N.D;N.D;100,80%;103,60%;99,10%;105,10%;105,60%;99,90%;103,40%;103,60%;98,20%;102,70%;100,80%;99,30%;95,8%
Salud;Vacunación;Triple Viral;Mide el número de niños vacunados sobre el total de niños en edad de vacunar;Porcentual;Secretaría Distrital de Salud;Distrital;Anual;84%;80%;75,90%;97,80%;97,50%;92,10%;91,60%;92,60%;94,80%;94,30%;97,60%;98,70%;97,30%;93,20%;89,0%
Salud;Vacunación;Hepatitis B;Mide el número de niños vacunados sobre el total de niños en edad de vacunar;Porcentual;Secretaría Distrital de Salud;Distrital;Anual;N.D;N.D;78,90%;93,10%;86,90%;93,70%;92%;90,50%;92,70%;94,20%;95%;96,60%;93,90%;89,40%;86,1%
Salud;Vacunación;Haemophulus influenzae tipo B;Mide el número de niños vacunados sobre el total de niños en edad de vacunar;Porcentual;Secretaría Distrital de Salud;Distrital;Anual;N.D;N.D;80,80%;63,00%;83,70%;95,60%;92,40%;90,50%;92,80%;94,10%;96,80%;96,60%;94,00%;89,60%;86,3%
Salud;Desnutricion;Tasa de desnutrición global para menores de 5 años;Porcentaje de niños menores de 5 años que muestran indicios de desnutrición crónica ó baja talla y/o peso para su edad.;Porcentual;Secretaría Distrital de Salud;Distrital;Anual;19,80%;19,40%;17,80%;10,90%;11,90%;10,80%;10,40%;10,20%;9,90%;6,60%;6,20%;5,90%;5,30%;5,20%;5,1%
Salud;Mortalidad Infantil;Tasa de mortalidad en menores de cinco años por EDA;Mide el número de niños menores de 1 año muertos por Enfermedad Diarreica Aguda (EDA) sobre la  población de niños menores de 5 años por cada 100.000 habitantes;Tasa;Secretaría Distrital de Salud;Distrital;Anual;16,8;11,1;10,8;8,2;7,6;6,0;6,1;2,7;2,5;3,1;1,9;1,0;1,0;N.D;1,0%
Salud;Mortalidad Infantil;Tasa de mortalidad en menores de cinco años por IRA;Mide el número de niños menores de 1 año muertos por Infección Respiratoria Aguda (IRA) sobre la población de niños menores de 5 años por  cada 100.000 habitantes;Tasa;Secretaría Distrital de Salud;Distrital;Anual;45,5;41,7;40,8;37,4;24,7;24,2;28,5;23,7;18,4;17,6;21;17,6;14;N.D;5,0%
Salud;Mortalidad Infantil;Tasa de mortalidad en menores de 5 años  por desnutrición;Mide el número de niños menores de 1 año muertos por Desnutrición sobre la población de niños menores de 5 años por cada 100000 habitantes;Tasa;Secretaría Distrital de Salud;Distrital;Anual;N.D;N.D;4,4;4,3;5,3;2,3;5,4;5,0;4,4;4,1;2,7;2,5;0,8;0,3;5,1%
Salud;Mortalidad Infantil;Tasa de mortalidad en menores de un año;Mide el número de niños menores de un año muertos sobre el total de nacidos vivos por cada 1.000 de ellos;Tasa;Secretaría Distrital de Salud;Distrital;Anual;17,41;19,50;18,45;16,70;15,12;15,05;15,40;14,80;13,50;13,80;13,20;12,2;11,7;N.D;11,1%
Salud;Sexual y Reproductiva;Tasa de mortalidad materna;Mide el número de madres muertas sobre el total de nacidos vivos por cada 100.000;Tasa;Secretaría Distrital de Salud;Distrital;Anual;92,3;86,5;92,8;77,1;64,2;58,8;64,2;59,6;52,7;48,6;41,7;48,4;39,1;N.D;39,2%
Salud;Sexual y Reproductiva;Número de embarazo en mujeres entre 10 y 14 años de edad;Mide el número de mujeres  entre 10 y 14 años de edad que han sido madres o están embarazadas;Numérico;Secretaría Distrital de Salud;Distrital;Anual;N.D;N.D;540;510;445;481;490;489;544;526;586;573;515;456;485
Salud;Sexual y Reproductiva;Número de embarazo en mujeres entre 15 y 19 años de edad;Mide el número de mujeres  entre 15 y 19 años de edad que han sido madres o están embarazadas;Numérico;Secretaría Distrital de Salud;Distrital;Anual;N.D;N.D;21.903;21.347;20.165;19.625;19.115;18.964;19.778;21.095;20.837;20.397;19.325;19.003;19.022
Salud;Sexual y Reproductiva;Uso de métodos de anticoncepción modernos y tradicionales;Porcentaje de mujeres que utilizan métodos de planificación familiar modernos;Porcentual;Profamilia - Encuesta Distrital de Demografía y Salud;Distrital;Anual;N.D;N.D;N.D;N.D;N.D;N.D;N.D;N.D;N.D;N.D;N.D;N.D;N.D;60%;N.D.
Salud;Discapacidad;Discapacidad por edad, sexo y tipo de discapacidad;Mide el número de personas en condición de discapacidad;Numérico;Secretaría Distrital de Salud;Distrital;Anual;N.D;N.D;N.D;N.D;N.D;N.D;N.D;186.634  ;186.634  ;186.634  ;186.634  ;186.634  ;186.634  ;186.634  ;192.315
Salud;Morbilidad;Prevalencia de enfermedades;Proporción de habitantes que presentan una enfermedad en la población.;Tasa;Secretaría Distrital de Salud;Distrital;Anual;N.D;N.D;N.D;N.D;N.D;N.D;N.D;N.D;N.D;N.D;N.D;N.D;N.D;N.D;N.D.
Salud;Morbilidad;Incidencia del VIH;Mide el número de habitantes con VIH sobre el total de habitantes por cada 100.000;Tasa;Secretaría Distrital de Salud;Distrital;Anual;N.D;N.D;8,8;11;12,5;11,9;11,5;12,6;16,8;15,2;23;23;19,4;20;16,2
Salud;Expectativa de Vida;Esperanza de vida al nacer;Mide la sumatoria de los individuos por años de vida aportados por los sobrevivientes al comienzo del periodo sobre el número de individuos de la cohorte inicial de recién nacidos.;Numérico en Años;DANE;Distrital;Anual;72,94;72,94;72,94;75,36;75,36;75,36;75,36;75,36;77,08;77,08;77,08;77,08;77,08;78,01;78,0
Mercado Laboral;Empleo;Tasa global de participación;Mide la Población Económicamente Activa PEA  sobre la  Población en Edad de Trabajar PET;Porcentual;DANE;13 áreas;Anual;61,0%;64,0%;65,8%;66,2%;67,1%;67,7%;66,0%;66,4%;65,5%;64,0%;65,5%;66,5%;68,6%;70,9%;71,4%
Mercado Laboral;Empleo;Tasa de Ocupación;Mide la Población Ocupada sobre la Población en Edad de Trabajar;Porcentual;DANE;13 áreas;Anual;52,9%;51,7%;52,4%;53,9%;54,9%;56,5%;56,3%;57,7%;58,0%;57,4%;58,9%;58,9%;61,3%;64,2%;65,2%
Mercado Laboral;Empleo;Tasa de Desempleo;Mide la Población Despcupada sobre la  Pobalción en Edad de Trabajar;Porcentual;DANE;13 áreas;Anual;13,3%;19,3%;20,3%;18,7%;18,3%;16,6%;14,8%;13,1%;11,5%;10,4%;10,0%;11,5%;10,7%;9,5%;9,5%
Mercado Laboral;Empleo;Tasa de crecimiento del empleo;Mide la tasa de crecimiento interanual del empleo;Porcentual;DANE;13 áreas;Anual;0;-2,3%;1,5%;2,7%;1,9%;3,0%;-0,40%;2,50%;0,55%;-1,07%;2,66%;0,02%;4,04%;4,72%;por confirmar
Mercado Laboral;Empleo;Tasa de subempleo;Mide las personas ocupadas que quieren y pueden trabajar más tiempo del que usualmente le dedican a sus actividades remuneradas.;Porcentual;DANE;13 áreas;Anual;N.D;N.D;N.D;12,44%;14,96%;12,77%;10,96%;11,11%;9,60%;9,31%;12,07%;10,25%;14,02%;13,87%;13,7%
Mercado Laboral;Empleo;Tasa de desempleo Jefes de hogar;Mide el número de Jefes de Hogar desocupados sobre la Población Económicamente Activa;Porcentual;DANE (Encuesta Multipropósito 2011);13 áreas;Anual;N.D;N.D;N.D;N.D;N.D;N.D;N.D;N.D;N.D;N.D;N.D;N.D;N.D;4,30%;N.D
Mercado Laboral;Pensiones;Tasa de cobertura en pensiones;Mide el número de personas que aportan a pensiones sobre la  Población Económicamente Activa;Porcentual;DANE (Encuesta Multipropósito 2011);Distrital;Anual;N.D;N.D;N.D;N.D;N.D;N.D;N.D;N.D;N.D;N.D;N.D;N.D;N.D;50,8%;N.D
Vida y Seguridad;Homicidios;Tasas de homicidios;Mide el número total de personas asesinadas sobre el total de la población por cada 100.000 habitantes;Tasa;Secretaría Distrital de Gobierno;Distrital;Anual;41,5;40,5;37,7;32,1;28,5;25,4;22,7;24,7;19,2;19,9;20,3;22,7;23,4;21,9;16,9
Vida y Seguridad;Homicidios;Tasa de muertes violentas;Mide el número total de personas muertas de manera violenta sobre el total de la  población por cada 100.000 habitantes;Tasa;Secretaría Distrital de Gobierno;Distrital;Anual;69.8;65.9;60.6;50.9;48;40.7;39.4;37.1;30.7;32.8;35.8;37;38.4;37;31.4
Vida y Seguridad;Delitos a la Integridad Personal;Lesiones personales;Mide el número de casos de personas lesionadas reportados en el año;Numérico;Secretaría Distrital de Gobierno;Distrital;Anual;N.D;N.D;N.D;N.D;N.D;N.D;12,763;24,26;27,532;33,324;31,891;41,631;44,749;N.D;47068
Vida y Seguridad;Delitos a la Integridad Personal;Número de Secuestros;Mide el número de casos reportados en el año;Numérico;Secretaría Distrital de Gobierno;Distrital;Anual;N.D;N.D;N.D;N.D;N.D;N.D;N.D;N.D;N.D;N.D;N.D;N.D;N.D;N.D;N.D
Vida y Seguridad;Hurto;Hurto de vehículos;Mide el número de vehículos hurtados en el año;Numérico;Secretaría Distrital de Gobierno;Distrital;Anual;N.D;7,718;7,62;8,415;7,252;6,224;5,141;5,861;2,637;3,131;2,977;2,974;4,505;4,529; 20,00 
Vida y Seguridad;Hurto;Hurto de motos;Mide el número de motos hurtadas en el año;Numérico;Secretaría Distrital de Gobierno;Distrital;Anual;N.D;N.D;N.D;N.D;N.D;N.D;N.D;N.D;N.D;N.D;1,001;1,428;1,565;1538;1451
Vida y Seguridad;Hurto;Hurto a personas;Mide el número de casos reportados en el año;Numérico;Secretaría Distrital de Gobierno;Distrital;Anual;N.D;8,653;7,567;6,665;5,929;5,876;5,494;11,751;12,82;11,853;16,55;15,581;16,635;14,304;11877
Vida y Seguridad;Hurto;Hurto a residencias;Mide el número de casos reportados en el año;Numérico;Secretaría Distrital de Gobierno;Distrital;Anual;N.D;4,559;3,35;4,161;4,696;5,03;4,7;5,292;4,593;4,793;5,466;4,796;5,281;4313;3579
Vida y Seguridad;Hurto;Hurto a establecimientos comerciales;Mide el número de casos reportados en el año;Numérico;Secretaría Distrital de Gobierno;Distrital;Anual;N.D;N.D;N.D;3,683;3,58;4,821;3,74;5,717;5,14;4,201;4,004;3,691;3,584;2378;1888
Vida y Seguridad;Hurto;Hurto a bancos;Mide el número de casos reportados en el año;Numérico;Secretaría Distrital de Gobierno;Distrital;Anual;N.D;153;114;38;33;26;8;32;6;6;20;12;27;N.D;38
Vida y Seguridad;Denuncia;Tasa de crecimiento de denuncia registradas;Mide la tasa de crecimiento interanual de denuncias registradas;Porcentual;Secretaría Distrital de Gobierno;Distrital;Anual;N.D;N.D;N.D;N.D;N.D;N.D;N.D;N.D;N.D;N.D;N.D;N.D;N.D;N.D;N.D
Vivienda y Servicios Pùblicos;Tenencia de Vivienda;Tenencia de vivienda propia totalmente pagada;Mide los hogares que han pagado totalmente su vivienda sobre el total de hogares;Porcentual;Secretaría Distrital de Planeación;Distrital;Anual;N.D;N.D;N.D;N.D;N.D;N.D;N.D;N.D;N.D;38,70%;38,20%;N.D;37,10%;40,30%;
Vivienda y Servicios Pùblicos;Tenencia de Vivienda;Tenencia de vivienda propia en proceso de pago;Mide los hogares que han adquirido vivienda, pero se encuentran en proceso de pago de esta sobre el total de hogares;Porcentual;Secretaría Distrital de Planeación;Distrital;Anual;N.D;N.D;N.D;N.D;N.D;N.D;N.D;N.D;N.D;13,50%;10,70%;N.D;9,40%;12,50%;
Vivienda y Servicios Pùblicos;Tenencia de Vivienda;Tenencia de vivienda en arriendo o subarriendo;Mide los hogares que han pagado totalmente su vivienda sobre el total de hogares;Porcentual;Secretaría Distrital de Planeación;Distrital;Anual;N.D;N.D;N.D;N.D;N.D;N.D;N.D;N.D;N.D;41,40%;42,30%;N.D;45%;41,40%;
Vivienda y Servicios Pùblicos;Déficit de Vivienda;Déficit cuantitativo de vivienda;Mide el número de viviendas en déficit cuantitativo;Numérico;Secretaría Distrital de Planeación;13 áreas;Anual;N.D;N.D;N.D;N.D;N.D;176.268  ;N.D;N.D;N.D;145.822  ;N.D;N.D;N.D;116.533;N.D
Vivienda y Servicios Pùblicos;Déficit de Vivienda;Déficit cualitativo de vivienda;Mide el número de viviendas en déficit cualitativo;Numérico;Secretaría Distrital de Planeación;13 áreas;Anual;N.D;N.D;N.D;N.D;N.D;147.072  ;N.D;N.D;N.D;162.124  ;N.D;N.D;N.D;141.524;N.D.
Vivienda y Servicios Pùblicos;Reubicación;Hacinamiento crítico no mitigable;"Mide el número de hogares en los cuales habitan cuatro o
más personas por cuarto sobre el total de hogares";Porcentual;Secretaría Distrital de Planeación;Distrital;Anual;N.D;N.D;N.D;N.D;N.D;N.D;N.D;N.D;N.D;4.1%;N.D;N.D;N.D;2.5%;
Vivienda y Servicios Pùblicos;Reubicación;Número de  viviendas ubicadas en zonas de alto riesgo;Mide el número total de viviendas ubicadas en zonas de alto riesgo;Numérico;DEPAE y FOPAE;Distrital;Anual;N.D;N.D;N.D;N.D;N.D;N.D;N.D;N.D;N.D;4.545  ;N.D;N.D;N.D;3.329;
Vivienda y Servicios Pùblicos;Reubicación;Número de familias que vivian en zonas de alto riesgo no mitigable y fueron reasentadas;Mide el número de hogares que habitan viviendas ubicadas en zonas de alto riesgo;Numérico;Caja de Vivienda Popular;Distrital;Anual;N.D;N.D;N.D;N.D;N.D;N.D;795;557;503;461;876;920;596;766;
Vivienda y Servicios Pùblicos;Reubicación;Número de hogares en asentamientos de viviendas de origen informal;Mide el número de hogares en asentamientos de vivienda de origen informal;Numérico;Caja de Vivienda Popular;Distrital;Anual;N.D;N.D;N.D;N.D;N.D;N.D;N.D;N.D;N.D;N.D;N.D;N.D;N.D;3.329;
Vivienda y Servicios Pùblicos;Construcción y Mejoramiento de Vivienda;Titulación de la vivienda;Mide el número de predios titulados;Numérico;Secretaría Distrital del Hábitat;Distrital;Anual;N.D;N.D;N.D;N.D;N.D;N.D;213;459;500;523;948;2.391;1.653;1.215;
Vivienda y Servicios Pùblicos;Construcción y Mejoramiento de Vivienda;Mejoramiento de vivienda estructural y habitalidad;Mide el número de viviendas mejoradas por año;Numérico;Secretaría Distrital del Hábitat;Distrital;Anual;N.D;N.D;N.D;N.D;N.D;N.D;N.D;N.D;N.D;N.D;648;1.013;1.055;N.D;
Vivienda y Servicios Pùblicos;Servicios Públicos;Tasa de cobertura acueducto;Mide los hogares con acceso al servicio legal de acueducto sobre el total hogares;Porcentual;Secretaría Distrital del Hábitat;Distrital;Anual;93,3%;95,1%;95,1%;95,2%;98,0%;100,0%;100,0%;100,0%;99,4%;100,0%;100,0%;99,7%;99,9%;100,0%;
Vivienda y Servicios Pùblicos;Servicios Públicos;Tasa de cobertura alcantarillado;Mide los hogares con acceso al servicio legal de alcantarillado sobre el total hogares;Porcentual;Secretaría Distrital del Hábitat;Distrital;Anual;84,5%;85,3%;86,0%;87,6%;90,1%;93,9%;96,0%;96,9%;97,0%;99,0%;99,0%;99,0%;99,2%;100,0%;
Vivienda y Servicios Pùblicos;Servicios Públicos;Tasa de cobertura alcantarillado pluvial;Mide los hogares con acceso al servicio legal de alcantarillado pluvial sobre el  total de hogares;Porcentual;Secretaría Distrital del Hábitat;Distrital;Anual;N.D;N.D;76,4%;80,7%;83,7%;86,8%;88,9%;93,0%;93,4%;96,0%;98,0%;99,2%;99,4%;100,0%;
Vivienda y Servicios Pùblicos;Servicios Públicos;Tasa de cobertura energía eléctrica;Mide los hogares con acceso al servicio legal de electricidad sobre el total hogares;Porcentual;Secretaría Distrital del Hábitat;Distrital;Anual;N.D;N.D;N.D;N.D;N.D;N.D;100%;100%;100%;100%;100%;100%;100%;100,0%;
Vivienda y Servicios Pùblicos;Servicios Públicos;Tasa de cobertura gas natural;Mide los hogares con acceso al servicio legal de gas natural sobre el total hogares;Porcentual;DANE (Encuesta Multipropósito 2011);Distrital;Anual;N.D;N.D;N.D;N.D;N.D;N.D;N.D;N.D;N.D;82,30%;N.D;N.D;N.D;87,6%;
Vivienda y Servicios Pùblicos;Servicios Públicos;Tasa de cobertura de recolección de basuras;Mide los hogares con acceso al servicio de recolección de basuras sobre el total hogares;Porcentual;DANE (Encuesta Multipropósito 2011);Distrital;Anual;N.D;N.D;N.D;N.D;N.D;N.D;N.D;N.D;N.D;N.D;N.D;N.D;N.D;99,90%;
Vivienda y Servicios Pùblicos;Servicios Públicos;Tasa de cobertura telefonía fija;Mide los hogares con acceso al servicio legal de  telefonía fija sobre el  total hogares;Porcentual;DANE (Encuesta Multipropósito 2011);Distrital;Anual;N.D;N.D;N.D;N.D;N.D;N.D;N.D;N.D;N.D;N.D;N.D;N.D;N.D;70,30%;
Vivienda y Servicios Pùblicos;Vivienda Nueva;Número de viviendas de interés prioritario 1 (VIP 1);Mide el número de viviendas de interés prioritario 1 (VIP 1);Numérico;Secretaría Distrital del Hábitat;Distrital;Anual;N.D;N.D;N.D;N.D;N.D;N.D;N.D;N.D;N.D;N.D;298;134;226;834;
Vivienda y Servicios Pùblicos;Vivienda Nueva;Número de viviendas de interés prioritario 2 (VIP 2);Mide el número de viviendas de interés prioritario 2 (VIP 2);Numérico;Secretaría Distrital del Hábitat;Distrital;Anual;N.D;N.D;N.D;N.D;N.D;N.D;N.D;N.D;N.D;N.D;2.457;1.428;972;623;
Vivienda y Servicios Pùblicos;Vivienda Nueva;Número de viviendas de interés social (VIS);Mide el número de viviendas de interés social (VIS);Numérico;Secretaría Distrital del Hábitat;Distrital;Anual;N.D;N.D;N.D;N.D;N.D;N.D;N.D;N.D;N.D;N.D;6.584;8.693;10.262;15.872;
Vivienda y Servicios Pùblicos;Vivienda Nueva;Métros cuadrados de vivienda nueva  construida en VIS y no VIS;Mide el número de M2 de vivienda nueva construida;Numérico en Metros Cuadrados;Secretaría Distrital del Hábitat;Distrital;Anual;N.D;N.D;N.D;N.D;N.D;N.D;3.123.391;3.217.364;3.286.135;2.986.790;3.883.388;3.853.387;3.216.395;2.474.193;
Espacio Público;Espacio Público Peatonal;Promedio de espacio público peatonal por habitante;Mide el espacio público total en M2 por habitante;Numérico;Secretaría Distrital de Movilidad;Distrital;Anual;N.D;N.D;2,93;2,94;2,93;4,83;4,78;4,77;4,74;4,68;4,61;N.D;N.D;N.D;4,5
Espacio Público;Ciudad Densa;Número de habitantes por kilómetro cuadrado;Mide el número de habitantes por km2;Numérico;DANE - Secretaría Distrital de Planeación;13 áreas;Anual;N.D;N.D;N.D;N.D;N.D;N.D;N.D;N.D;N.D;N.D;N.D;N.D;N.D;19.388;19.701
Medio ambiente;Calidad del aire;Nivel de concentración media anual de partículas de polvo en 10 micras (PM10);Mide el nivel de material particulado de 10 micras presente en un área especifica de la ciudad en un momento determinado.;Numérico en Micras;Secretaría Distrital de Ambiente;Distrital;Anual;58;52;59;65;66;66;70;74;68;72;67;59;59;52;48
Medio ambiente;Calidad del agua en los ríos urbanos;Nivel de contaminación hídrica SST transportados al Río Bogotá medidos en toneladas;Mide la carga contaminante de sólidos suspendidos, depositados en las fuentes de agua.;Numérico en Toneladas;Secretaría Distrital de Ambiente;Distrital;Anual;N.D;N.D;N.D;N.D;N.D;110.639;100.034;57.781;109.741;80.259;49.983;85.993  ;81.634  ;117.542;88
Medio ambiente;Calidad del agua en los ríos urbanos;Nivel de contaminación hídrica  DBO5 transportados el Río de Bogotá medidos en toneladas;Mide la carga contaminante de materia orgánica DBO5  (Cantidad de oxigeno necesaria para descomponer biológicamente la materia orgánica carbonácea) en el agua.;Numérico en Toneladas;Secretaría Distrital de Ambiente;Distrital;Anual;N.D;N.D;N.D;N.D;N.D;101.657;136.788;85.539;83.156  ;79.208  ;49.215  ;62.337  ;91.760  ;75.551;70
Medio ambiente;Calidad del agua en los ríos urbanos;Índice de calidad hídrica en el Río Salitre;El índice permite evaluar la calidad hídrica de las corrientes de agua que atraviesan la ciudad por categorías en una escala de 0 a 100, agrupadas así: entre 95 y 100 (Excelente), 80 y 94 (Buena),65 y 79 (Aceptable),45 y 64 (Marginal), 0 y 44 (Pobre);Numérico en Toneladas;Secretaría Distrital de Ambiente;Distrital;Anual;N.D;N.D;N.D;N.D;N.D;N.D;N.D;N.D;N.D;N.D;43;54;52;59;54
Medio ambiente;Calidad del agua en los ríos urbanos;Índice de calidad hídrica en el Río Tunjuelo;El índice permite evaluar la calidad hídrica de las corrientes de agua que atraviesan la ciudad por categorías en una escala de 0 a 100, agrupadas así: entre 95 y 100 (Excelente), 80 y 94 (Buena),65 y 79 (Aceptable),45 y 64 (Marginal), 0 y 44 (Pobre);Numérico;Secretaría Distrital de Ambiente;Distrital;Anual;N.D;N.D;N.D;N.D;N.D;N.D;N.D;N.D;N.D;N.D;40;47;48;61;54
Medio ambiente;Calidad del agua en los ríos urbanos;Índice de calidad hídrica en el Río Fucha;El índice permite evaluar la calidad hídrica de las corrientes de agua que atraviesan la ciudad por categorías en una escala de 0 a 100, agrupadas así: entre 95 y 100 (Excelente), 80 y 94 (Buena),65 y 79 (Aceptable),45 y 64 (Marginal), 0 y 44 (Pobre);Índice;Secretaría Distrital de Ambiente;Distrital;Anual;N.D;N.D;N.D;N.D;N.D;N.D;N.D;N.D;N.D;N.D;52;56;50;57;53
Medio ambiente;Calidad del agua en los ríos urbanos;Índice de calidad hídrica en el Río Torca;El índice permite evaluar la calidad hídrica de las corrientes de agua que atraviesan la ciudad por categorías en una escala de 0 a 100, agrupadas así: entre 95 y 100 (Excelente), 80 y 94 (Buena),65 y 79 (Aceptable),45 y 64 (Marginal), 0 y 44 (Pobre);Numérico en Metros Cuadrados;Secretaría Distrital de Ambiente;Distrital;Anual;N.D;N.D;N.D;N.D;N.D;N.D;N.D;N.D;N.D;N.D;68;67;74;83;74
Medio ambiente;Reciclaje;Porcentaje de basura reciclada;(Número de toneladas recicladas  / Número de tonelada de basuras) * 100;Porcentual;Unidad Administrativa Especial de Servicios Públicos;Distrital;Anual;N.D;N.D;N.D;N.D;N.D;N.D;N.D;N.D;N.D;N.D;N.D;0,01%;10,00%;15,50%;N.D
Medio ambiente;Áreas verdes accesibles a los ciudadanos;Área verde por habitante;Mide el área verde en metros cuadrados por habitante;Numérico;Jardín Botánico de Bogotá José Celestino Mutis;Distrital;Anual;N.D;N.D;2,3;N.D;3,4;3,4;3,4;3,6;3,5;3,6;4,2;4,7;4,4;4,1;N.D
Medio ambiente;Áreas verdes accesibles a los ciudadanos;Número de Árboles por cada 100.000 Habitantes;Mide el número de árboles por cada 100.000 habitantes;Numérico;Jardín Botánico de Bogotá José Celestino Mutis;Distrital;Anual;N.D;N.D;N.D;N.D;7.100;8.073;7.609;7.539;8.198;16.482;16.693;16.997;15.910;15.878;16
Medio ambiente;Áreas verdes accesibles a los ciudadanos;Número de árboles por hectárea;Mide el número de árboles por hectárea;Numérico;Jardín Botánico de Bogotá José Celestino Mutis;Distrital;Anual;N.D;N.D;13,06;N.D;14,64;18,31;18,5;23,8;26,4;29,01;29,3;31;30,3;30,71;30,9
Medio ambiente;Contaminación;Visual;Mide el número de elementos de publicidad desmontada medida en metros cuadrados;Numérico;Secretaría Distrital de Ambiente;Distrital;Anual;N.D;N.D;N.D;N.D;N.D;N.D;N.D;N.D;N.D;N.D;N.D;N.D;N.D;58.116;53,5
Medio ambiente;Contaminación;Sonora;Mide el porcentaje de cumplimiento normativo del sector industrial;Porcentual;Secretaría Distrital de Ambiente;Distrital;Anual;N.D;N.D;N.D;N.D;N.D;N.D;N.D;N.D;N.D;N.D;N.D;N.D;N.D;61%;0,584
Medio ambiente;Contaminación;Sonora (Comercial);Mide el porcentaje de cumplimiento normativo del sector comercio;Porcentual;Secretaría Distrital de Ambiente;Distrital;Anual;N.D;N.D;N.D;N.D;N.D;N.D;N.D;N.D;N.D;N.D;N.D;N.D;N.D;32%;0,324
Medio ambiente;Contaminación;Sonora (Servicios);Mide el porcentaje de cumplimiento normativo del sector servicios;Porcentual;Secretaría Distrital de Ambiente;Distrital;Anual;N.D;N.D;N.D;N.D;N.D;N.D;N.D;N.D;N.D;N.D;N.D;N.D;N.D;69%;0,535
Medio ambiente;Contaminación;Sonora (Residencial);Mide el porcentaje de cumplimiento normativo del sector residencial;Porcentual;Secretaría Distrital de Ambiente;Distrital;Anual;N.D;N.D;N.D;N.D;N.D;N.D;N.D;N.D;N.D;N.D;N.D;N.D;N.D;60%;0,349
Movilidad;Malla Vial;Estado de la malla vial bueno;Mide el número Kilómetro Carril en buen estado sobre el total Kilómetros Carril;Porcentual;IDU;Distrital;Anual;N.D;N.D;N.D;N.D;N.D;N.D;26%;28%;32%;37%;34%;37%;37%;29%;ND
Movilidad;Malla Vial;Estado de la malla vial malo;Mide el número Kilómetro Carril en mal estado sobre el  Total Kilómetros Carril;Porcentual;IDU;Distrital;Anual;N.D;N.D;N.D;N.D;N.D;N.D;49%;53%;54%;46%;43%;40%;40%;51%;ND
Movilidad;Malla Vial;Estado de la malla vial regular;Mide el número Kilómetro Carril en regular estado sobre el  Total Kilómetros Carril;Porcentual;IDU;Distrital;Anual;N.D;N.D;N.D;N.D;N.D;N.D;25%;19%;14%;18%;23%;23%;23%;21%;ND
Movilidad;Malla Vial;Recuperación de la malla vial (km anuales recuperados);Mide el número de Km de vías recuperados;Numérico;IDU;Distrital;Anual;N.D;N.D;N.D;N.D;N.D;N.D;N.D;N.D;N.D;N.D;N.D;N.D;N.D;N.D;ND
Movilidad;Sistema de Transporte;Pasajeros movilizados por Transmilenio;Mide los pasajeros movilizados por transporte masivo sobre el total de pasajeros movilizados en un año;Porcentual;Observatorio de Movilidad Cámara de Comercio de Bogotá;Distrital;Anual;N.D;N.D;0%;7%;12%;13%;16%;18%;23%;23%;26%;29%;28%;N.D;0,12
Movilidad;Sistema de Transporte;Promedio de velocidad en transporte público;Mide el promedio KM/H en la ciudad;Numérico en Kilómetros;Secretaría Distrital de Movilidad;Distrital;Anual;N.D;N.D;17;21,5;27,1;24,48;23,7;22,6;22,9;22,95;23,4;20,97;19,2;19,3;18,5
Movilidad;Sistema de Transporte;Promedio de velocidad de transporte individual (taxi);Mide el promedio KM/H en la ciudad;Numérico en Kilómetros;Secretaría Distrital de Movilidad;Distrital;Anual;N.D;N.D;14;26,9;31;32,7;32,7;32,8;29,9;30,89;30,9;25,28;23,5;23;
Movilidad;Sistema de Transporte;Promedio de velocidad particular;Mide el promedio KM/H en la ciudad;Numérico en Kilómetros;Secretaría Distrital de Movilidad;Distrital;Anual;N.D;N.D;N.D;N.D;N.D;N.D;N.D;N.D;N.D;N.D;30,4;25,6;23,8;23,4;23,8
Movilidad;Sistema de Transporte;Cobertura de ciclo rutas;Mide el número de Km de ciclorrutas;Numérico en Kilómetros;Secretaría Distrital de Movilidad;Distrital;Anual;N.D;N.D;60,25;79,51;82,57;92,11;93,11;97,18;101,8;104,12;106,7;121;297;344;319.085
Movilidad;Parque Automotor;Incremento del parque automotor de transporte particular;Mide el número de vehículos de transporte particular registrado;Numérico;Secretaría Distrital de Movilidad;Distrital;Anual;N.D;N.D;N.D;N.D;590.939  ;590.379  ;666.528  ;732.092  ;835.806  ;952.135  ;1.057.390  ;1.143.631  ;1.277.419  ;1.455.062  ;1.620.270
Movilidad;Parque Automotor;Incremento del parque automotor de transporte particular;Mide la tasa de crecimiento interanual de vehículos de transporte particular;Porcentual;Secretaría Distrital de Movilidad;Distrital;Anual;N.D;N.D;N.D;N.D;N.D;-0,1%;12,9%;9,8%;14,2%;13,9%;11,1%;8,2%;11,7%;13,9%;11,3%
Movilidad;Parque Automotor;Incremento del parque automotor de transporte público;Mide el número de vehículos de transporte público registrado.;Numérico;Secretaría Distrital de Movilidad;Distrital;Anual;N.D;N.D;N.D;N.D;84.805  ;89.210  ;91.079  ;96.040  ;96.805  ;98.784  ;99.219  ;100.814  ;102.408  ;104.298  ;105,634
Movilidad;Parque Automotor;Incremento del parque automotor de transporte público;Mide la tasa de crecimiento interanual de vehículos de transporte público;Porcentual;Secretaría Distrital de Movilidad;Distrital;Anual;N.D;N.D;N.D;N.D;N.D;5,2%;2,1%;5,4%;0,8%;2,0%;0,4%;1,6%;1,6%;1,8%;1,3%
Movilidad;Parque Automotor;Charratización;Mide el número de buses, busetas y microbusetas chaarrizados;Numérico;Secretaría Distrital de Movilidad;Distrital;Anual;N.D;N.D;61;1.532  ;1.245  ;1.923  ;1.464  ;1.876  ;1.720  ;1.453  ;1.812  ;1.670  ;838  ;648;1174
Movilidad;Parque Automotor;Charratización;Mide el número de taxis chatarrizados;Numérico;Secretaría Distrital de Movilidad;Distrital;Anual;N.D;N.D;N.D;N.D;N.D;N.D;N.D;N.D;N.D;N.D;N.D;N.D;3626;N.D;ND
Movilidad;Parque Automotor;Charratización;Mide el número de vehículos chatarrizados sobre el total de vehículos a chatarrizar;Porcentual;Secretaría Distrital de Movilidad;Distrital;Anual;N.D;N.D;N.D;N.D;N.D;N.D;N.D;N.D;N.D;N.D;N.D;N.D;N.D;N.D;ND
Cultura, recreación y deporte;Deporte;Índice de actividad física en mayores de 13 años;Mide el porcentaje de personas con tendencia al sedentarismo;Porcentual;Secretaría Distrital de Cultura, Recreación y Deporte;Distrital;Bianual;N.D;N.D;N.D;N.D;N.D;N.D;N.D;N.D;N.D;N.D;N.D;62,51%;N.D;56,20%;
Cultura, recreación y deporte;Deporte;Índice de actividad física en mayores de 13 años;Mide el porcentaje de personas sin tendencia al sedentarismo;Porcentual;Secretaría Distrital de Cultura, Recreación y Deporte;Distrital;Bianual;N.D;N.D;N.D;N.D;N.D;N.D;N.D;N.D;N.D;N.D;N.D;37,49%;N.D;43,80%;
Cultura, recreación y deporte;Deporte;Habitantes por instalaciones deportivas públicas;Mide el número de habitantes por instalaciones deportivas públicas;Numérico;Secretaría Distrital de Cultura, Recreación y Deporte;Distrital;Bianual;N.D;N.D;N.D;N.D;N.D;N.D;N.D;N.D;N.D;N.D;N.D;N.D;N.D;N.D;
Cultura, recreación y deporte;Recreación;Libros leídos por persona al año;Mide el número de libros leídos por persona al año;Numérico;DANE;Distrital;Bianual;N.D;N.D;N.D;N.D;N.D;N.D;N.D;N.D;N.D;N.D;N.D;N.D;N.D;N.D;
Cultura, recreación y deporte;Recreación;Porcentaje de personas mayores de 12 años que asistieron a espectáculos culturales en el último año;Mide las personas mayores de 12 años que asistieron a espectáculos culturales en el último año sobre el total de personas mayores de 12 años;Porcentual;Secretaría Distrital de Cultura, Recreación y Deporte - Ministerio de Cultura;Distrital;Bianual;N.D;N.D;N.D;N.D;N.D;N.D;N.D;N.D;N.D;N.D;N.D;N.D;N.D;N.D;
Cultura, recreación y deporte;Recreación;Niños y niñas por biblioteca;Mide el número de libros disponibles para lectores entre  7 - 14 años de edad;Numérico;Secretaría Distrital de Cultura, Recreación y Deporte - Ministerio de Cultura;Distrital;Bianual;N.D;N.D;N.D;N.D;N.D;N.D;N.D;N.D;N.D;N.D;N.D;N.D;N.D;N.D;
Cultura, recreación y deporte;Recreación;Adultos por biblioteca;Mide el número de libros disponibles para lectores  adultos 15 años o más;Numérico;Secretaría Distrital de Cultura, Recreación y Deporte - Ministerio de Cultura;Distrital;Bianual;N.D;N.D;N.D;N.D;N.D;N.D;N.D;N.D;N.D;N.D;N.D;N.D;N.D;N.D;
Cultura, recreación y deporte;Recreación;Centros culturales, espacios y casas de cultura;Mide el porcentaje de centros culturales, espacios y casas de cultura en la ciudad;Porcentual;Secretaría Distrital de Cultura, Recreación y Deporte - Ministerio de Cultura;Distrital;Bianual;N.D;N.D;N.D;N.D;N.D;N.D;N.D;N.D;N.D;N.D;N.D;N.D;N.D;N.D;
Cultura, recreación y deporte;Recreación;Equipamientos Culturales Públicos;Mide el porcentaje de equipamientos públicos de cultura en cada parte sobre el total;Porcentual;Secretaría Distrital de Cultura, Recreación y Deporte - Ministerio de Cultura;Distrital;Bianual;N.D;N.D;N.D;N.D;N.D;N.D;N.D;N.D;N.D;N.D;N.D;N.D;N.D;N.D;
Cultura, recreación y deporte;Recreación;Personas por teatros;Mide el porcentaje de salas de teatro en cada parte de la ciudad sobre el total;Porcentual;Secretaría Distrital de Cultura, Recreación y Deporte - Ministerio de Cultura;Distrital;Bianual;N.D;N.D;N.D;N.D;N.D;N.D;N.D;N.D;N.D;N.D;N.D;N.D;N.D;N.D;
Cultura, recreación y deporte;Recreación;Salas de espectáculos y concierto;Mide el porcentaje de salas de show y concierto;Porcentual;Secretaría Distrital de Cultura, Recreación y Deporte - Ministerio de Cultura;Distrital;Bianual;N.D;N.D;N.D;N.D;N.D;N.D;N.D;N.D;N.D;N.D;N.D;N.D;N.D;N.D;
Responsabilidad ciudadana;Movilidad;Total accidentes de tránsito;Mide el número de accidentes de transito;Numérico;Secretaría Distrital de Movilidad;Distrital;Anual;N.D;N.D;N.D;N.D;41.615;39.556;42.986;35.834;35.504;37.460;36.191;31.562;33.192;34.115;35.625
Responsabilidad ciudadana;Movilidad;Víctimas fatales por condición;Mide el número de víctimas fatales en accidentes de transito;Numérico;Secretaría Distrital de Movilidad;Distrital;Anual;N.D;N.D;N.D;N.D;N.D;585;626;551;499;551;536;528;528;544;571
Responsabilidad ciudadana;Movilidad;Víctimas fatales por condición (peatones);Mide el número de peatones víctimas fatales en accidentes de tránsito;Numérico;Secretaría Distrital de Movilidad;Distrital;Anual;N.D;N.D;N.D;N.D;N.D;375;364;321;261;309;321;271;295;281;296
Responsabilidad ciudadana;Movilidad;Víctimas fatales por condición (motociclistas);Mide el número de motociclistas;Numérico;Secretaría Distrital de Movilidad;Distrital;Anual;N.D;N.D;N.D;N.D;N.D;32;54;63;82;103;103;104;110;125;135
Responsabilidad ciudadana;Movilidad;Víctimas fatales por condición (pasajeros);Mide el número de pasajeros víctimas fatales en accidentes de tránsito;Numérico;Secretaría Distrital de Movilidad;Distrital;Anual;N.D;N.D;N.D;N.D;N.D;64;107;78;76;73;57;76;65;67;68
Responsabilidad ciudadana;Movilidad;Víctimas fatales por condición (conductores);Mide el número de conductores víctimas fatales en accidentes de tránsito;Numérico;Secretaría Distrital de Movilidad;Distrital;Anual;N.D;N.D;N.D;N.D;N.D;25;24;24;26;19;21;28;15;12;24
Responsabilidad ciudadana;Movilidad;Víctimas fatales por condición (ciclistas);Mide el número de ciclistas víctimas fatales en accidentes de tránsito;Numérico;Secretaría Distrital de Movilidad;Distrital;Anual;N.D;N.D;N.D;N.D;N.D;89;77;65;54;47;34;49;43;59;48
Responsabilidad ciudadana;Movilidad;Comparendos por infracción no vehicular;Mide el número de comparendos por infracción no vehicular;Numérico;Secretaría Distrital de Movilidad;Distrital;Anual;N.D;N.D;N.D;N.D;N.D;N.D;N.D;N.D;58.581;43.795;36.086;26.752;74.288;N.D;
Responsabilidad ciudadana;Movilidad;Comparendos por infracción peatonal;Mide el número de comparendos por infracción peatonal;Numérico;Secretaría Distrital de Movilidad;Distrital;Anual;N.D;N.D;N.D;N.D;N.D;N.D;N.D;N.D;130.822;107.063;115.609;46.464;77.601;71.594;20.162
Responsabilidad ciudadana;Movilidad;Comparendos por infracción vehicular;Mide el número de comparendos por infracción vehicular;Numérico;Secretaría Distrital de Movilidad;Distrital;Anual;N.D;N.D;N.D;N.D;N.D;N.D;N.D;N.D;486.798;359.704;551.902;476.686;624.850;N.D;
Responsabilidad ciudadana;Movilidad;Comparendos por infracción ambiental;Mide el número de comparendos por infracción ambiental;Numérico;Secretaría Distrital de Movilidad;Distrital;Anual;N.D;N.D;N.D;N.D;N.D;N.D;N.D;N.D;27.995;8.666;7.559;8.615;4.624;19.057;21.291
Responsabilidad ciudadana;Movilidad;Comparendos por infracción en transporte;Mide el  número de comparendos por infracción en transporte;Numérico;Secretaría Distrital de Movilidad;Distrital;Anual;N.D;N.D;N.D;N.D;N.D;N.D;N.D;N.D;8.622;12.063;8.371;4.902;6.015;685;586
Responsabilidad ciudadana;Uso del Espacio Público;Número de  vendedores ambulantes en el espacio público;Mide el número de vendedores ambulantes;Numérico;Instituto para la Economía Social;Distrital;Anual;N.D;N.D;N.D;N.D;N.D;N.D;N.D;N.D;N.D;N.D;36.616;42.241;42.305;42.417;
Responsabilidad ciudadana;Cultura Tributaria;Porcentaje de personas que pagan el predial;Mide el número personas obligadas a pagar el predial y que pagan el predial sobre el total de obligados a pagar el predial;Porcentual;Secretaría Distrital de Hacienda;Distrital;Anual;N.D;N.D;N.D;N.D;N.D;N.D;N.D;N.D;N.D;N.D;N.D;N.D;N.D;N.D;
Responsabilidad ciudadana;Cultura Tributaria;Porcentaje de personas que pagan el adicional del predial;Mide el número personas obligadas a pagar el predial y que pagan el adicional del predial sobre el total de obligados a pagar el predial;Porcentual;Secretaría Distrital de Hacienda;Distrital;Anual;N.D;N.D;N.D;N.D;N.D;N.D;N.D;N.D;N.D;N.D;N.D;N.D;N.D;N.D;
Responsabilidad ciudadana;Cultura Tributaria;Porcentaje de personas que pagan el predial por plazos;Mide el número personas obligadas a pagar el predial y que lo pagan por plazos sobre el total de obligados a pagar el predial;Porcentual;Secretaría Distrital de Hacienda;Distrital;Anual;N.D;N.D;N.D;N.D;N.D;N.D;N.D;N.D;N.D;N.D;N.D;N.D;N.D;N.D;
Responsabilidad ciudadana;Cultura Tributaria;Porcentaje de elución de impuestos;Mide el porcentaje de elusión de impuestos;Porcentual;Secretaría Distrital de Hacienda;Distrital;Anual;N.D;N.D;N.D;N.D;N.D;N.D;N.D;N.D;N.D;N.D;N.D;N.D;N.D;N.D;
Responsabilidad ciudadana;Cultura Tributaria;Porcentaje de evasión de impuesto;Mide el número personas obligadas a pagar impuestos y que pagan impuestos sobre el total de obligados a pagar impuestos;Porcentual;Secretaría Distrital de Hacienda;Distrital;Anual;N.D;N.D;N.D;N.D;N.D;N.D;N.D;N.D;N.D;N.D;N.D;N.D;N.D;N.D;
Responsabilidad ciudadana;Cultura Tributaria;Porcentaje de personas que pagan ICA;Mide el número personas obligadas a pagar el ICA y que pagan el ICA sobre el total de obligados a pagar el ICA;Porcentual;Secretaría Distrital de Hacienda;Distrital;Anual;N.D;N.D;N.D;N.D;N.D;N.D;N.D;N.D;N.D;N.D;N.D;N.D;N.D;N.D;
Participación y cultura democrática;Elecciones;Tasa de participación electoral por 100.000 Hab.;Mide el número de votantes efectivos sobre el potencial electoral;Porcentual;Registraduría Distrital de Bogotá;Distrital;Anual;N.D;N.D;N.D;N.D;N.D;N.D;N.D;N.D;N.D;N.D;N.D;N.D;N.D;N.D;
Participación y cultura democrática;Veedurías;Tasa de participación en veedurías ciudadanas;Mide el número de participantes sobre el total de veedurías por cada 100.000 habitantes;Porcentual;No Disponible;Distrital;Anual;N.D;N.D;N.D;N.D;N.D;N.D;N.D;N.D;N.D;N.D;N.D;N.D;N.D;N.D;
Gestión Pública;Planta de Servidores Públicos;Porcentaje de servidores públicos;Mide el número de contratistas y personas naturales sobre el total de servidores públicos;Porcentual;Secretaría General de la Alcaldía Mayor de Bogotá, D. C;Distrital;Anual;N.D;N.D;N.D;N.D;N.D;N.D;N.D;N.D;N.D;N.D;49%;75,50%;75%;N.D;72,0%
Gestión Pública;Planta de Servidores Públicos;Porcentaje de servidores públicos;Mide el número de servidores públicos de libre nombramiento y remoción sobre el  total de servidores públicos;Porcentual;Secretaría General de la Alcaldía Mayor de Bogotá, D. C;Distrital;Anual;N.D;N.D;N.D;N.D;N.D;N.D;N.D;N.D;N.D;N.D;8%;3,10%;3%;N.D;3,2%
Gestión Pública;Planta de Servidores Públicos;Porcentaje de servidores públicos;Mide el número de servidores públicos de carrera administrativa sobre el total de servidores públicos;Porcentual;Secretaría General de la Alcaldía Mayor de Bogotá, D. C;Distrital;Anual;N.D;N.D;N.D;N.D;N.D;N.D;N.D;N.D;N.D;N.D;43%;21,40%;22%;N.D;24,9%
Gestión Pública;Transparencia;Índice de transparencia;Mide de 0 a 100 la institucionalidad, visibilidad y participación ciudadana;Porcentual;Corporación Transparencia por Colombia;Distrital;Anual;N.D;N.D;N.D;N.D;N.D;N.D;N.D;N.D;N.D;N.D;N.D;N.D;N.D;N.D;N.D.
Gestión Pública;Desempeño;Índice de desempeño fiscal;Mide globalmente el resultado fiscal alcanzado en cada año y se encuentra en una escala de 0 a 100, donde valores cercanos a 0 reflejan bajo desempeño fiscal y valores cercanos a 100 significan que la entidad territorial logró. Se evalua el nivel de autofinanciamiento del funcionamiento, el respaldo de la deuda, la dependencia de las transferencias del Sistema General de participaciones (SGP), la importancia de los recursos propios, la magnitud de la inversión y la capacidad de ahorro.;Índice;Departamento Nacional de Planeación;Distrital;Anual;N.D;N.D;67;65;68;73;70;70;73;77;77;74;81;N.D;N.D
Gestión Pública;Desempeño;Índice de desempeño integral;Mide la evaluación de la gestión de manera integral del distrito en la  eficacia, la eficiencia, el  cumplimiento de requisitos legales y la gestión.;Índice;Departamento Nacional de Planeación;Distrital;Anual;N.D;N.D;N.D;N.D;N.D;N.D;N.D;84;84;81;76;81;63;N.D;N.D
Gestión Pública;Servicio al Ciudadano;Respuestas  oportunas a PQR (peticiones, quejas y reclamos);Mide el promedio de tiempo en días de respuesta al ciudadano;Numérico;Secretaría General de la Alcaldía Mayor de Bogotá, D. C;Distrital;Anual;N.D;N.D;N.D;N.D;N.D;N.D;N.D;N.D;N.D;N.D;9;7,4;7;N.D;15
Finanzas públicas;Ingresos;Indicador de dependencia de la Administración Central;Cálcula los ingresos corrientes sobre los ingresos totales de la Administración Central;Porcentual;Secretaría Distrital de Hacienda;Distrital;Anual;49%;36%;41%;46%;47%;52%;56%;46%;43%;48%;53%;51%;55%;62%;
Finanzas públicas;Ingresos;Recursos propios;Cálcula los ingresos tributarios sobre los ingresos totales;Porcentual;Secretaría Distrital de Hacienda;Distrital;Anual;46%;33%;39%;44%;45%;50%;54%;44%;41%;45%;49%;48%;50%;55%;
Finanzas públicas;Ingresos;Capacidad de ahorro;Mide el ahorro corriente sobre el ingreso corriente;Porcentual;Secretaría Distrital de Hacienda;Distrital;Anual;N.D;N.D;29,35%;27,63%;44,28%;66,54%;N.D;N.D;N.D;N.D;N.D;61.9%;67,30%;68,60%;
Finanzas públicas;Gastos;Capacidad de autofinanciamiento del funcionamiento;Mide el gastos de financiamiento sobre los ingresos corrientes de libre destinación;Porcentual;Secretaría Distrital de Hacienda;Distrital;Anual;N.D;N.D;N.D;N.D;N.D;N.D;N.D;N.D;N.D;N.D;N.D;N.D;N.D;33,40%;
Finanzas públicas;Gastos;Crecimiento interanual real del gasto del Distrito Capital;Mide la tasa de crecimiento interanual real de los gastos en el Distrito;Porcentual;Secretaría Distrital de Hacienda;Distrital;Anual;N.D;N.D;N.D;N.D;N.D;N.D;N.D;22%;25%;1%;-4%;N.D;N.D;-6,80%;
Finanzas públicas;Gastos;Crecimiento interanual real del gasto de la Administración Central;Mide la tasa de crecimiento interanual real de los gastos en la  Administración Central;Porcentual;Secretaría Distrital de Hacienda;Distrital;Anual;N.D;N.D;N.D;N.D;N.D;N.D;N.D;20%;26%;5%;1%;16.6%;N.D;-1,20%;
Finanzas públicas;Gastos;Ejecución presupuestal por autorización de giros de la Administración Central;Mide el presupuesto ejecutado de la Administración Central sobre el  presupuesto de la Administración Central;Porcentual;Secretaría Distrital de Hacienda;Distrital;Anual;N.D;N.D;N.D;81,71%;80,34%;73,21%;82,32%;81,68%;84,04%;81,71%;85,12%;85,79%;88,35%;85,84%;
Finanzas públicas;Gastos;Ejecución presupuestal por autorización de giros de los Establecimientos Públicos;Mide el presupuesto ejecutado de los Establecimientos Públicos sobre el presupuesto de los Establecimientos Públicos;Porcentual;Secretaría Distrital de Hacienda;Distrital;Anual;N.D;N.D;N.D;63,41%;56,99%;57,07%;58,04%;62,94%;55,68%;65,15%;67,59%;66,12%;68,67%;68,25%;
Finanzas públicas;Gastos;Ejecución presupuestal por autorización de giros de los Fondos de Desarrollo Local;Mide el presupuesto ejecutado de los Fondos de Desarrollo Local sobre el presupuesto de los Fondos de Desarrollo Local;Porcentual;Secretaría Distrital de Hacienda;Distrital;Anual;N.D;N.D;N.D;24,69%;46,69%;48,53%;44,68%;39,69%;43,04%;52,90%;41,28%;50,92%;46,76%;53,69%;
Finanzas públicas;Gastos;Ejecución presupuestal por autorización de giros las Empresas Industriales y Comerciales;Mide el presupuesto ejecutado de las Empresas Industriales y Comerciales sobre el presupuesto de las Empresas Industriales y Comerciales;Porcentual;Secretaría Distrital de Hacienda;Distrital;Anual;N.D;N.D;N.D;76,85%;72,92%;72,57%;59,88%;57,10%;64,98%;70,96%;63,65%;70,31%;67,43%;67,47%;
Finanzas públicas;Gastos;Magnitud de la inversión;Mide el gasto total en inversión sobre el total del gastos;Porcentual;Secretaría Distrital de Hacienda;Distrital;Anual;67%;75%;71%;62%;65%;70%;67%;73%;74%;75%;76%;77%;77%;75%;
Finanzas públicas;Gastos;Porcentaje de gasto de funcionamiento;Mide el gasto de funcionamiento de la Administración Central sobre los gastos totales de la Administración Central;Porcentual;Secretaría Distrital de Hacienda;Distrital;Anual;25%;20%;21%;25%;21%;18%;19%;16%;14%;16%;16%;16%;11%;11,70%;
Finanzas públicas;Gastos;Porcentaje de gasto de funcionamiento;Mide el gasto de funcionamiento de los Establecimientos Públicos sobre los  gastos totales de los Establecimientos Públicos;Porcentual;Secretaría Distrital de Hacienda;Distrital;Anual;N.D;N.D;N.D;N.D;N.D;N.D;N.D;N.D;N.D;N.D;N.D;N.D;N.D;N.D;
Finanzas públicas;Gastos;Porcentaje de gasto de funcionamiento;Mide los gasto de funcionamiento de los Fondos de Desarrollo Local sobre los  gastos totales de los  Fondos de Desarrollo Local;Porcentual;Secretaría Distrital de Hacienda;Distrital;Anual;N.D;N.D;N.D;N.D;N.D;N.D;N.D;N.D;N.D;N.D;N.D;N.D;N.D;N.D;
Finanzas públicas;Gastos;Porcentaje de gasto de funcionamiento;Mide el gasto de funcionamiento de las Empresas Industriales y Comerciales sobre los gastos totales de las Empresas Industriales y Comerciales;Porcentual;Secretaría Distrital de Hacienda;Distrital;Anual;N.D;N.D;N.D;N.D;N.D;N.D;N.D;N.D;N.D;N.D;N.D;N.D;N.D;N.D;
Finanzas públicas;Deuda;Composición de la Deuda (Deuda Interna);Mide la deuda externa sobre el total de la deuda;Porcentual;Secretaría Distrital de Hacienda;Distrital;Anual;N.D;N.D;N.D;N.D;54%;50%;43%;38%;29%;53%;56%;63%;74%;73,33%;
Finanzas públicas;Deuda;Composición de la Deuda (Deuda Externa);Mide la deuda interna sobre el total deuda;Porcentual;Secretaría Distrital de Hacienda;Distrital;;N.D;N.D;N.D;N.D;46%;50%;57%;62%;71%;47%;44%;37%;26%;26,67%;
Finanzas públicas;Deuda;Composición de la Deuda por fuentes (Deuda Fomento);Mide la deuda de fomento sobre el total de la deuda;Porcentual;Secretaría Distrital de Hacienda;Distrital;Anual;N.D;N.D;N.D;N.D;N.D;N.D;N.D;N.D;N.D;N.D;27,90%;31,63%;39,40%;38,86%;
Finanzas públicas;Deuda;Composición de la Deuda (Deuda Multilateral);Mide la deuda multilateral sobre el total deuda;Porcentual;Secretaría Distrital de Hacienda;Distrital;Anual;N.D;N.D;N.D;N.D;N.D;N.D;N.D;N.D;N.D;N.D;1%;0,96%;0,94%;0,91%;
Finanzas públicas;Deuda;Composición de la Deuda (Deuda en bonos);Mide la deuda en bonos sobre el total deuda;Porcentual;Secretaría Distrital de Hacienda;Distrital;Anual;N.D;N.D;N.D;N.D;N.D;N.D;N.D;N.D;N.D;N.D;70,40%;67,41%;56,66%;60,22%;
Finanzas públicas;Deuda;Respaldo de la deuda o magnitud de la deuda;Mide el saldo total de la deuda sobre los ingresos totales;Porcentual;Secretaría Distrital de Hacienda;Distrital;Anual;N.D;N.D;25,7%;31,5%;24,6%;24,2%;40,7%;36,6%;N.D;N.D;27,5%;N.D;17,8%;N.D;
Finanzas públicas;Deuda;Saldo de la deuda sobre ingresos corrientes (Ley 358 de 1997);Mide el saldo de la deuda final sobre los ingresos corrientes del mismo periodo;Porcentual;Secretaría Distrital de Hacienda;Distrital;Anual;46.1%;45.2%;60,70%;74,45%;75,84%;63,47%;44,88%;53,16%;39,07%;44,38%;34,96%;29,37%;25,14%;23,98%;
Finanzas públicas;Deuda;Calificación de la Deuda - Moody's Investors Service: Moneda Legal;Calificación riesgo de la deuda (AAA, AA+, AA-, AA, BBB, BB+, BB-, CCC, DD, E);Alfabético;Secretaría Distrital de Hacienda;Distrital;Anual;N.D;N.D;N.D;N.D;N.D;Baa3;Baa3;Baa4;Baa3;Baa3;Baa3;Baa3;Baa3;Baa3;
Finanzas públicas;Deuda;Calificación de la Deuda - Moody's Investors Service: Moneda Externa;Calificación riesgo de la deuda (AAA, AA+, AA-, AA, BBB, BB+, BB-, CCC, DD, E);Alfabético;Secretaría Distrital de Hacienda;Distrital;Anual;N.D;N.D;N.D;N.D;N.D;Ba2;Ba3;Ba4;Ba1;Ba1;Baa3;Baa3;Baa3;Baa3;
Finanzas públicas;Deuda;Calificación de la Deuda - Standard&Poor's: Moneda Legal;Calificación riesgo de la deuda (AAA, AA+, AA-, AA, BBB, BB+, BB-, CCC, DD, E);Alfabético;Secretaría Distrital de Hacienda;Distrital;Anual;N.D;N.D;BBB-;BBB-;BBB-;BBB-;BBB-;BBB-;BBB-;BBB-;BBB-;BBB-;BBB-;BBB-;
Finanzas públicas;Deuda;Calificación de la Deuda - Standard&Poor's: Moneda Externa;Calificación riesgo de la deuda (AAA, AA+, AA-, AA, BBB, BB+, BB-, CCC, DD, E);Alfabético;Secretaría Distrital de Hacienda;Distrital;Anual;N.D;N.D;N.D;N.D;N.D;BB;BB;BB;BB;BB+;BB+;BBB-;BBB-;BBB-;
Finanzas públicas;Deuda;Calificación de la Deuda - Fitch Ratings - International Public Finance: Moneda Legal;Calificación riesgo de la deuda (AAA, AA+, AA-, AA, BBB, BB+, BB-, CCC, DD, E);Alfabético;Secretaría Distrital de Hacienda;Distrital;Anual;N.D;N.D;BBB-;BBB-;BBB-;BBB-;BBB-;BBB-;BBB-;BBB-;BBB-;BBB-;BBB-;BBB-;
Finanzas públicas;Deuda;Calificación de la Deuda - Fitch Ratings - International Public Finance: Moneda Externa;Calificación riesgo de la deuda (AAA, AA+, AA-, AA, BBB, BB+, BB-, CCC, DD, E);Alfabético;Secretaría Distrital de Hacienda;Distrital;Anual;N.D;N.D;N.D;N.D;N.D;BB;BB;BB;BB;BB+;BB+;BB+;BB+;BB+;
Finanzas públicas;Deuda;Calificación de la Deuda - Fitch Ratings Colombia S.A SCV.;Calificación riesgo de la deuda (AAA, AA+, AA-, AA, BBB, BB+, BB-, CCC, DD, E);Alfabético;Secretaría Distrital de Hacienda;Distrital;Anual;N.D;N.D;AA+;AA+;AAA;AAA;AAA;AAA;AAA;AAA;AAA;AAA;AAA;AAA;
Finanzas públicas;Deuda;Calificación de la Deuda - BRC Investor Services S.A.;Calificación riesgo de la deuda (AAA, AA+, AA-, AA, BBB, BB+, BB-, CCC, DD, E);Alfabético;Secretaría Distrital de Hacienda;Distrital;Anual;N.D;N.D;N.D;N.D;N.D;AAA;AAA;AAA;AAA;AAA;AAA;AAA;AAA;AAA;
Justicia;Penal;Númeo de Sentencias que salen por archivo;Mide el número de sentencias que salen por archivo;Numérico;No Disponible;Distrital;Anual;N.D;N.D;N.D;N.D;N.D;N.D;N.D;N.D;N.D;N.D;N.D;N.D;N.D;N.D;
Justicia;Penal;Prescripción de delitos del Sistema Nacional Acusatorio;Mide el número de prescripciones;Numérico;No Disponible;Distrital;Anual;N.D;N.D;N.D;N.D;N.D;N.D;N.D;N.D;N.D;N.D;N.D;N.D;N.D;N.D;
Justicia;Constitucional;Tutelas por características;Mide el número de tutelas por características;Numérico;No Disponible;Distrital;ND;N.D;N.D;N.D;N.D;N.D;N.D;N.D;N.D;N.D;N.D;N.D;N.D;N.D;N.D;
Entorno macroeconómico;Producción;Tasa de crecimiento del PIB;Mide la tasa de crecimiento interanual real;Porcentual;Cámara de Comercio de Bogotá;Distrital;Anual;1,7%;-10,8%;3,7%;1,1%;3,4%;4,8%;5,6%;4,8%;7,1%;6,3%;3,3%;1,3%;4.3%;5,0%;5.4%
Entorno macroeconómico;Producción;PIB per cápita a precios corrientes (pesos);Mide el PIB a precios corrientes por habitante;Numérico;DANE;Distrital;Anual;N.D;N.D;8.701.418;9.347.982;10.079.483;10.901.887;12.030.221;12.992.616;14.426.333;15.898.493;17.133.209;18.070.976;18.791.838;N.D;N.D
Entorno macroeconómico;Inversión extranjera Directa;Valor de la Inversión Extranjera Directa;Mide el valor de la inversión extranjera directa medida en millones de dólares.  (No incluye inversión en petróleos ni en portafolio);Numérico;Cámara de Comercio de Bogotá;Distrital;Anual;N.D;N.D;1.715;2.252;1.512;2.004;1.785;4.936;1.353;2.581;4.074;2.234;1.682;1.704;583
Entorno macroeconómico;Inflación;IPC;Mide la variación de precios de una canasta de bienes y servicios representativos del consumo de los hogares de una ciudad;Porcentual;DANE;Distrital;Anual;16.91%;9.23%;8.87%;7.11%;6.93%;5.98%;5.38%;4.84%;4.13%;5.57%;7.49%;1.88%;3.25%;3.55%;2.43%
Entorno macroeconómico;Conectividad;Hogares que disponen de conexión a internet;Mide el número hogares con Internet sobre el total de hogares;Porcentual;DANE (Encuesta Multipropósito 2011);Distrital;Anual;N.D;N.D;N.D;N.D;N.D;N.D;N.D;N.D;N.D;N.D;N.D;N.D;N.D;43%;N.D
Dinámica Empresarial;Empresarial;Empresas creadas;Mide el número de empresas creadas;Numérico;Cámara de Comercio de Bogotá;Distrital;Anual;N.D;N.D;11.550;13.155;12.832;14.060;15.238;14.418;15.201;16.607;50.293;49.380;54.304;64.250;62.951
Dinámica Empresarial;Empresarial;Empresas canceladas;Mide el número empresas canceladas;Numérico;Cámara de Comercio de Bogotá;Distrital;Anual;N.D;N.D;2.831;2.708;2.953;2.831;2.669;3.093;3.713;3.587;16.909;16.425;15.530;26.798;15.897
Dinámica Empresarial;Empresarial;Ranking América economía Intelligence;Mide la evolución del posicionamiento competitivo de Bogotá;Numérico;Cámara de Comercio de Bogotá;Distrital;Anual;N.D;N.D;N.D;13;16;16;14;13;12;11;8;6;8;8;8
Dinámica Empresarial;Empresarial;Doing Business;Analiza y compara las normas que regulan las actividades de las pequeñas y medianas empresas locales en 183 economías.;Numérico;Cámara de Comercio de Bogotá;Colombia (medida por Bogotá);Anual;N.D;N.D;N.D;N.D;N.D;N.D;N.D;N.D;N.D;N.D;49;37;N.D;47;42
Demográfica;Estructura Poblacional;Población;Mide el número de personas que habitan en el área cabecera;Numérico;DANE - Secretaría Distrital de Planeación;Distrital;Anual;6.057.060;6.173.647;6.287.508;6.396.991;6.505.019;6.612.073;6.718.492;6.824.507;6.929.548;7.034.485;7.139.232;7.243.698;7.347.795;7.451.718;7.571.345
Demográfica;Estructura Poblacional;Tasa  de Crecimiento de la Población;Mide la tasa de crecimiento interanual de la población;Porcentual;DANE;Distrital;Anual;2,02%;1,92%;1,84%;1,74%;1,69%;1,65%;1,61%;1,58%;1,54%;1,51%;1,49%;1,46%;1,44%;1,41%;1,41%
Demográfica;Estructura Poblacional;Índice de Envejecimiento;Mide el porcentaje de personas con edades de 65 años y más edad sobre la poblaciones de 0-14 años;Porcentual;DANE (Encuesta Calidad de Vida 2007 - Encuesta Multipropósito 2011);Distrital;Anual;N.D;N.D;N.D;N.D;N.D;N.D;N.D;N.D;N.D;33,50%;N.D;N.D;N.D;28,00%;N.D
Demográfica;Estructura Poblacional;Tasa de Dependencia;Mide la relación de las personas dependientes (0 a 14 años + personas de 65 años y más) sobre las personas en edad activa (personas de 15 a 64 años).;Porcentual;DANE (Encuesta Calidad de Vida 2007 - Encuesta Multipropósito 2011);Distrital;Anual;N.D;N.D;N.D;N.D;N.D;N.D;N.D;N.D;N.D;53,70%;N.D;N.D;N.D;44,60%;N.D
Demográfica;Estructura Poblacional;Porcentaje de Población Indígena y Afrodescendientes (%);Mide el porcentaje de la población indígena y afro descendiente;Porcentual;DANE;Distrital;Anual;N.D;N.D;N.D;N.D;N.D;N.D;N.D;N.D;N.D;N.D;N.D;N.D;N.D;N.D;N.D
Pobreza y equidad;Pobreza;Línea de Pobreza (LP);Mide el porcentaje de personas que no alcanzan a cubrir los costos totales de todos los bienes y servicios esenciales que una persona consume en un determinado periodo;Porcentual;DANE (Encuesta Calidad de Vida 2007 - Encuesta Multipropósito 2011);Distrital;Anual;N.D;N.D;N.D;N.D;38,30%;38,90%;33,70%;27%;23,80%;30,6%;22,5%;22,0%;N.D;12,0%;11,6%
Pobreza y equidad;Pobreza;Línea de indigencia (LI);Mide el porcentaje de personas que no cuentan con los ingresos suficientes para adquirir una canasta básica que alcance a cubrir sus necesidades más apremiantes;Porcentual;DANE (Encuesta Calidad de Vida 2007 - Encuesta Multipropósito 2011);Distrital;Anual;N.D;N.D;N.D;N.D;8,90%;7,80%;6,30%;4,20%;3,40%;8,4%;3,9%;4,1%;N.D;6,0%;2,0%
Pobreza y equidad;Pobreza;Índice de Condiciones de Vida (ICV);Mide el estándar de vida mediante la combinación de variables de capital humano.  Incluye variables de acceso potencial a bienes físicos y variables que describen la composición del hogar. El índice oscila entre 0 y 100;Índice;DANE (Encuesta Calidad de Vida 2007 - Encuesta Multipropósito 2011);Distrital;Anual;N.D;N.D;N.D;N.D;N.D;89,21;N.D;N.D;N.D;90,1;N.D;N.D;N.D;90,3;N.D
Pobreza y equidad;Pobreza;Índie de Desarrollo Humano (IDH);Mide el desarrollo en términos de una vida larga y saludable, educación o alfabetización  y en términos de un nivel de vida digno medido a través del PIB per cápita.;Índice;Programa Nacional de Desarrollo Humano;Distrital;Anual;N.D;N.D;N.D;N.D;N.D;0,813;N.D;N.D;0,83;N.D;N.D;N.D;N.D;N.D;N.D
Pobreza y equidad;Pobreza;Coeficiente de GINI;Mide el grado de desigualdad de la distribución del ingreso o la desigualdad de la riqueza de un espacio territorial. Toma valores entre 0 y 1, donde 0 indica que todos los individuos tienen el mismo ingreso y 1 indica que sólo un individuo tiene todo el ingreso.;Índice;ONU - Secretaría Distrital de Planeación - DANE (Encuesta Multipropósito 2011);Distrital;Anual;0,57;0,60;0,57;0,55;0,58;0,53;0,56;0,61;N.D;0,56;N.D;N.D;N.D;0,52;0,497
Pobreza y equidad;Desplazamiento;Receptores (Tasa de Crecimiento Anual);Mide el número de personas que se han visto obligadas a escapar o huir de su hogar o de su lugar de residencia habitual por cuestiones de conflicto armado o violencia.;Numérico;Vicepresidencia de la República de Colombia;Distrital;Anual;N.D;N.D;N.D;N.D;N.D;N.D;N.D;N.D;N.D;N.D;N.D;N.D;N.D;N.D;N.D
